Id,Prediction
3001,1
3002,4
3003,3
3004,5
3005,5
3006,3
3007,2
3008,4
3009,3
3010,2
3011,2
3012,5
3013,3
3014,4
3015,1
3016,5
3017,0
3018,2
3019,5
3020,2
3021,3
3022,1
3023,2
3024,0
3025,0
3026,3
3027,4
3028,4
3029,3
3030,3
3031,4
3032,2
3033,4
3034,4
3035,4
3036,3
3037,4
3038,0
3039,3
3040,2
3041,4
3042,5
3043,4
3044,3
3045,0
3046,4
3047,3
3048,3
3049,2
3050,1
3051,4
3052,3
3053,1
3054,4
3055,3
3056,1
3057,4
3058,3
3059,0
3060,4
3061,4
3062,4
3063,5
3064,2
3065,5
3066,5
3067,0
3068,0
3069,2
3070,0
3071,5
3072,4
3073,5
3074,3
3075,4
3076,4
3077,2
3078,0
3079,3
3080,4
3081,5
3082,4
3083,4
3084,4
3085,2
3086,2
3087,2
3088,3
3089,3
3090,2
3091,3
3092,3
3093,4
3094,4
3095,3
3096,5
3097,4
3098,4
3099,3
3100,3
3101,3
3102,3
3103,3
3104,0
3105,3
3106,5
3107,5
3108,1
3109,0
3110,3
3111,0
3112,4
3113,3
3114,2
3115,3
3116,3
3117,4
3118,4
3119,4
3120,4
3121,4
3122,4
3123,0
3124,4
3125,3
3126,3
3127,3
3128,5
3129,4
3130,5
3131,2
3132,4
3133,3
3134,3
3135,3
3136,3
3137,4
3138,3
3139,4
3140,4
3141,4
3142,5
3143,3
3144,1
3145,2
3146,0
3147,4
3148,3
3149,2
3150,4
3151,3
3152,2
3153,4
3154,5
3155,5
3156,3
3157,4
3158,5
3159,3
3160,3
3161,1
3162,4
3163,0
3164,3
3165,2
3166,2
3167,3
3168,3
3169,2
3170,1
3171,4
3172,2
3173,4
3174,1
3175,4
3176,2
3177,4
3178,4
3179,1
3180,0
3181,3
3182,5
3183,4
3184,4
3185,3
3186,4
3187,4
3188,4
3189,1
3190,2
3191,1
3192,4
3193,5
3194,3
3195,4
3196,3
3197,4
3198,2
3199,4
3200,4
3201,2
3202,5
3203,2
3204,3
3205,3
3206,4
3207,3
3208,3
3209,4
3210,4
3211,4
3212,1
3213,3
3214,5
3215,4
3216,4
3217,3
3218,0
3219,3
3220,4
3221,3
3222,4
3223,3
3224,1
3225,5
3226,4
3227,1
3228,0
3229,4
3230,5
3231,5
3232,2
3233,0
3234,2
3235,4
3236,2
3237,3
3238,4
3239,5
3240,3
3241,3
3242,3
3243,0
3244,4
3245,1
3246,4
3247,4
3248,3
3249,4
3250,4
3251,4
3252,2
3253,4
3254,4
3255,4
3256,5
3257,5
3258,2
3259,1
3260,4
3261,3
3262,3
3263,2
3264,3
3265,4
3266,3
3267,3
3268,0
3269,2
3270,5
3271,3
3272,3
3273,4
3274,5
3275,4
3276,4
3277,2
3278,4
3279,4
3280,4
3281,4
3282,4
3283,4
3284,4
3285,4
3286,2
3287,0
3288,4
3289,1
3290,3
3291,2
3292,4
3293,3
3294,0
3295,4
3296,4
3297,4
3298,5
3299,5
3300,4
3301,4
3302,5
3303,3
3304,1
3305,0
3306,4
3307,1
3308,1
3309,3
3310,2
3311,3
3312,2
3313,2
3314,1
3315,4
3316,3
3317,5
3318,3
3319,0
3320,2
3321,0
3322,3
3323,5
3324,0
3325,3
3326,3
3327,4
3328,5
3329,5
3330,1
3331,5
3332,5
3333,4
3334,5
3335,3
3336,5
3337,4
3338,0
3339,3
3340,3
3341,3
3342,4
3343,4
3344,1
3345,2
3346,0
3347,2
3348,3
3349,2
3350,0
3351,3
3352,2
3353,4
3354,2
3355,2
3356,3
3357,5
3358,3
3359,2
3360,4
3361,0
3362,4
3363,3
3364,3
3365,0
3366,3
3367,4
3368,0
3369,3
3370,3
3371,1
3372,3
3373,2
3374,4
3375,2
3376,3
3377,3
3378,4
3379,5
3380,3
3381,2
3382,2
3383,3
3384,1
3385,3
3386,3
3387,3
3388,4
3389,4
3390,3
3391,5
3392,2
3393,4
3394,3
3395,4
3396,5
3397,3
3398,4
3399,3
3400,5
3401,2
3402,4
3403,4
3404,1
3405,4
3406,3
3407,1
3408,4
3409,0
3410,5
3411,3
3412,0
3413,1
3414,4
3415,4
3416,3
3417,3
3418,3
3419,1
3420,4
3421,0
3422,1
3423,4
3424,1
3425,3
3426,1
3427,3
3428,4
3429,0
3430,4
3431,5
3432,1
3433,4
3434,4
3435,4
3436,0
3437,4
3438,4
3439,3
3440,3
3441,3
3442,2
3443,3
3444,3
3445,0
3446,2
3447,5
3448,4
3449,3
3450,4
3451,3
3452,0
3453,4
3454,5
3455,4
3456,1
3457,1
3458,4
3459,0
3460,4
3461,3
3462,2
3463,3
3464,3
3465,3
3466,3
3467,2
3468,4
3469,4
3470,3
3471,3
3472,3
3473,0
3474,3
3475,2
3476,4
3477,1
3478,5
3479,4
3480,1
3481,3
3482,0
3483,5
3484,4
3485,5
3486,4
3487,4
3488,3
3489,3
3490,0
3491,4
3492,3
3493,3
3494,3
3495,3
3496,4
3497,0
3498,1
3499,2
3500,0
3501,3
3502,0
3503,3
3504,1
3505,1
3506,0
3507,1
3508,5
3509,3
3510,4
3511,2
3512,1
3513,1
3514,3
3515,4
3516,4
3517,3
3518,5
3519,1
3520,4
3521,1
3522,3
3523,3
3524,3
3525,4
3526,4
3527,1
3528,5
3529,0
3530,2
3531,2
3532,5
3533,3
3534,4
3535,3
3536,4
3537,3
3538,3
3539,5
3540,2
3541,2
3542,5
3543,3
3544,4
3545,3
3546,4
3547,0
3548,3
3549,1
3550,3
3551,3
3552,4
3553,3
3554,2
3555,3
3556,5
3557,0
3558,4
3559,2
3560,0
3561,3
3562,3
3563,4
3564,0
3565,5
3566,2
3567,4
3568,1
3569,3
3570,3
3571,5
3572,5
3573,3
3574,4
3575,3
3576,5
3577,3
3578,1
3579,5
3580,3
3581,3
3582,4
3583,4
3584,5
3585,4
3586,4
3587,1
3588,4
3589,4
3590,3
3591,2
3592,4
3593,3
3594,4
3595,5
3596,1
3597,0
3598,2
3599,4
3600,5
3601,1
3602,4
3603,3
3604,2
3605,1
3606,4
3607,4
3608,4
3609,4
3610,3
3611,3
3612,4
3613,3
3614,3
3615,4
3616,4
3617,4
3618,2
3619,0
3620,1
3621,5
3622,2
3623,1
3624,5
3625,3
3626,3
3627,5
3628,4
3629,4
3630,4
3631,4
3632,5
3633,4
3634,3
3635,3
3636,3
3637,1
3638,0
3639,3
3640,0
3641,3
3642,4
3643,4
3644,1
3645,4
3646,4
3647,4
3648,5
3649,4
3650,0
3651,4
3652,4
3653,4
3654,4
3655,1
3656,5
3657,3
3658,4
3659,4
3660,3
3661,4
3662,3
3663,1
3664,5
3665,4
3666,4
3667,3
3668,1
3669,0
3670,2
3671,0
3672,4
3673,2
3674,4
3675,4
3676,3
3677,3
3678,1
3679,3
3680,0
3681,2
3682,3
3683,2
3684,3
3685,3
3686,2
3687,2
3688,3
3689,1
3690,2
3691,4
3692,5
3693,5
3694,4
3695,2
3696,4
3697,3
3698,4
3699,4
3700,2
3701,5
3702,4
3703,3
3704,3
3705,3
3706,3
3707,3
3708,3
3709,2
3710,4
3711,3
3712,4
3713,4
3714,1
3715,3
3716,5
3717,4
3718,1
3719,5
3720,0
3721,4
3722,4
3723,4
3724,3
3725,1
3726,1
3727,4
3728,5
3729,4
3730,3
3731,3
3732,4
3733,1
3734,4
3735,4
3736,4
3737,3
3738,3
3739,4
3740,0
3741,0
3742,2
3743,3
3744,0
3745,2
3746,4
3747,2
3748,0
3749,2
3750,0
3751,5
3752,3
3753,4
3754,4
3755,3
3756,3
3757,4
3758,3
3759,3
3760,5
3761,3
3762,4
3763,4
3764,2
3765,4
3766,4
3767,4
3768,4
3769,0
3770,2
3771,3
3772,5
3773,1
3774,3
3775,2
3776,4
3777,1
3778,4
3779,4
3780,2
3781,4
3782,0
3783,1
3784,5
3785,3
3786,1
3787,5
3788,4
3789,0
3790,3
3791,4
3792,1
3793,3
3794,4
3795,3
3796,3
3797,3
3798,4
3799,1
3800,3
3801,2
3802,2
3803,0
3804,3
3805,0
3806,5
3807,2
3808,4
3809,5
3810,5
3811,4
3812,0
3813,3
3814,3
3815,2
3816,3
3817,5
3818,4
3819,3
3820,2
3821,2
3822,3
3823,3
3824,4
3825,0
3826,3
3827,3
3828,4
3829,4
3830,3
3831,3
3832,0
3833,3
3834,2
3835,5
3836,3
3837,0
3838,1
3839,4
3840,3
3841,3
3842,4
3843,3
3844,3
3845,1
3846,2
3847,3
3848,0
3849,4
3850,1
3851,3
3852,3
3853,3
3854,4
3855,0
3856,3
3857,4
3858,2
3859,4
3860,2
3861,4
3862,2
3863,3
3864,2
3865,4
3866,4
3867,5
3868,4
3869,3
3870,4
3871,4
3872,3
3873,1
3874,4
3875,4
3876,5
3877,5
3878,0
3879,3
3880,5
3881,1
3882,3
3883,4
3884,5
3885,3
3886,5
3887,0
3888,5
3889,1
3890,3
3891,2
3892,2
3893,1
3894,3
3895,3
3896,3
3897,3
3898,5
3899,1
3900,1
3901,0
3902,1
3903,2
3904,3
3905,4
3906,3
3907,2
3908,3
3909,2
3910,4
3911,3
3912,3
3913,3
3914,2
3915,5
3916,3
3917,4
3918,3
3919,2
3920,1
3921,3
3922,3
3923,5
3924,0
3925,4
3926,1
3927,4
3928,4
3929,3
3930,2
3931,4
3932,5
3933,3
3934,5
3935,3
3936,2
3937,3
3938,3
3939,4
3940,3
3941,3
3942,4
3943,3
3944,4
3945,5
3946,3
3947,1
3948,3
3949,1
3950,3
3951,3
3952,3
3953,2
3954,4
3955,3
3956,2
3957,4
3958,5
3959,2
3960,5
3961,4
3962,3
3963,3
3964,2
3965,3
3966,0
3967,4
3968,3
3969,3
3970,5
3971,4
3972,2
3973,5
3974,4
3975,4
3976,4
3977,3
3978,4
3979,3
3980,5
3981,3
3982,4
3983,1
3984,2
3985,0
3986,4
3987,1
3988,5
3989,4
3990,4
3991,4
3992,1
3993,3
3994,2
3995,0
3996,4
3997,3
3998,4
3999,2
4000,5
4001,3
4002,3
4003,0
4004,5
4005,1
4006,1
4007,0
4008,3
4009,3
4010,3
4011,1
4012,4
4013,4
4014,3
4015,3
4016,0
4017,1
4018,1
4019,3
4020,0
4021,4
4022,4
4023,1
4024,0
4025,5
4026,3
4027,4
4028,3
4029,4
4030,5
4031,3
4032,4
4033,4
4034,4
4035,3
4036,4
4037,1
4038,1
4039,3
4040,3
4041,4
4042,4
4043,1
4044,0
4045,3
4046,4
4047,1
4048,5
4049,4
4050,3
4051,2
4052,4
4053,5
4054,4
4055,0
4056,2
4057,3
4058,3
4059,4
4060,3
4061,5
4062,1
4063,2
4064,4
4065,4
4066,0
4067,3
4068,4
4069,3
4070,3
4071,3
4072,2
4073,4
4074,4
4075,4
4076,3
4077,3
4078,0
4079,4
4080,4
4081,1
4082,4
4083,3
4084,1
4085,4
4086,1
4087,1
4088,1
4089,5
4090,1
4091,1
4092,1
4093,3
4094,4
4095,3
4096,1
4097,4
4098,4
4099,3
4100,0
4101,1
4102,5
4103,2
4104,3
4105,1
4106,1
4107,3
4108,5
4109,5
4110,5
4111,3
4112,1
4113,5
4114,3
4115,2
4116,3
4117,4
4118,1
4119,5
4120,4
4121,0
4122,0
4123,3
4124,2
4125,2
4126,0
4127,4
4128,3
4129,0
4130,4
4131,0
4132,0
4133,1
4134,0
4135,4
4136,2
4137,0
4138,4
4139,2
4140,3
4141,5
4142,3
4143,3
4144,4
4145,1
4146,2
4147,4
4148,2
4149,3
4150,1
4151,2
4152,5
4153,3
4154,1
4155,2
4156,3
4157,1
4158,4
4159,3
4160,1
4161,4
4162,2
4163,0
4164,4
4165,4
4166,4
4167,4
4168,4
4169,2
4170,4
4171,5
4172,1
4173,4
4174,1
4175,2
4176,4
4177,3
4178,3
4179,3
4180,1
4181,3
4182,4
4183,4
4184,3
4185,4
4186,1
4187,4
4188,4
4189,1
4190,3
4191,2
4192,5
4193,0
4194,1
4195,4
4196,3
4197,4
4198,1
4199,0
4200,2
4201,0
4202,3
4203,3
4204,0
4205,5
4206,3
4207,3
4208,4
4209,4
4210,5
4211,2
4212,5
4213,4
4214,4
4215,4
4216,4
4217,4
4218,5
4219,1
4220,5
4221,1
4222,5
4223,1
4224,3
4225,4
4226,3
4227,1
4228,4
4229,4
4230,4
4231,4
4232,3
4233,4
4234,1
4235,4
4236,5
4237,4
4238,4
4239,3
4240,5
4241,3
4242,3
4243,0
4244,3
4245,4
4246,5
4247,3
4248,4
4249,4
4250,5
4251,5
4252,5
4253,3
4254,4
4255,3
4256,5
4257,3
4258,4
4259,3
4260,5
4261,4
4262,5
4263,3
4264,3
4265,4
4266,3
4267,4
4268,3
4269,3
4270,2
4271,4
4272,1
4273,2
4274,1
4275,2
4276,4
4277,5
4278,4
4279,2
4280,2
4281,4
4282,3
4283,5
4284,2
4285,3
4286,0
4287,1
4288,4
4289,4
4290,4
4291,3
4292,3
4293,3
4294,2
4295,4
4296,3
4297,3
4298,3
4299,2
4300,0
4301,4
4302,0
4303,0
4304,3
4305,0
4306,2
4307,2
4308,3
4309,4
4310,4
4311,3
4312,4
4313,3
4314,4
4315,3
4316,5
4317,3
4318,3
4319,5
4320,3
4321,4
4322,1
4323,2
4324,2
4325,5
4326,5
4327,5
4328,1
4329,0
4330,3
4331,2
4332,1
4333,4
4334,4
4335,3
4336,4
4337,5
4338,4
4339,3
4340,2
4341,4
4342,3
4343,1
4344,3
4345,4
4346,3
4347,2
4348,0
4349,5
4350,3
4351,3
4352,0
4353,3
4354,2
4355,3
4356,3
4357,3
4358,0
4359,5
4360,0
4361,4
4362,3
4363,3
4364,2
4365,0
4366,2
4367,5
4368,3
4369,3
4370,0
4371,4
4372,1
4373,3
4374,4
4375,4
4376,4
4377,2
4378,4
4379,3
4380,4
4381,3
4382,4
4383,1
4384,4
4385,3
4386,4
4387,3
4388,4
4389,1
4390,3
4391,4
4392,0
4393,4
4394,4
4395,1
4396,3
4397,2
4398,2
4399,4
4400,4
4401,3
4402,3
4403,2
4404,5
4405,3
4406,3
4407,2
4408,1
4409,3
4410,2
4411,5
4412,2
4413,2
4414,5
4415,4
4416,3
4417,3
4418,3
4419,3
4420,3
4421,0
4422,5
4423,0
4424,1
4425,4
4426,4
4427,4
4428,1
4429,4
4430,4
4431,5
4432,3
4433,3
4434,3
4435,2
4436,3
4437,4
4438,3
4439,3
4440,4
4441,4
4442,3
4443,4
4444,5
4445,0
4446,2
4447,3
4448,5
4449,4
4450,5
4451,5
4452,2
4453,2
4454,1
4455,2
4456,5
4457,3
4458,1
4459,4
4460,1
4461,4
4462,4
4463,2
4464,4
4465,1
4466,2
4467,3
4468,1
4469,3
4470,3
4471,3
4472,2
4473,1
4474,5
4475,4
4476,3
4477,3
4478,3
4479,0
4480,0
4481,2
4482,5
4483,4
4484,4
4485,4
4486,4
4487,5
4488,2
4489,3
4490,2
4491,1
4492,3
4493,4
4494,4
4495,4
4496,3
4497,4
4498,2
4499,4
4500,3
4501,3
4502,3
4503,3
4504,3
4505,3
4506,4
4507,2
4508,5
4509,1
4510,4
4511,3
4512,1
4513,4
4514,0
4515,0
4516,0
4517,4
4518,4
4519,3
4520,1
4521,3
4522,5
4523,5
4524,4
4525,3
4526,4
4527,3
4528,5
4529,4
4530,2
4531,2
4532,1
4533,4
4534,3
4535,3
4536,2
4537,2
4538,2
4539,2
4540,3
4541,4
4542,0
4543,0
4544,3
4545,3
4546,3
4547,2
4548,0
4549,3
4550,3
4551,3
4552,0
4553,4
4554,1
4555,3
4556,4
4557,3
4558,3
4559,3
4560,0
4561,5
4562,4
4563,5
4564,5
4565,4
4566,3
4567,1
4568,0
4569,1
4570,2
4571,0
4572,5
4573,1
4574,2
4575,4
4576,4
4577,4
4578,5
4579,4
4580,5
4581,0
4582,4
4583,5
4584,4
4585,2
4586,4
4587,4
4588,1
4589,4
4590,5
4591,3
4592,5
4593,5
4594,4
4595,3
4596,2
4597,4
4598,4
4599,4
4600,2
4601,4
4602,2
4603,2
4604,1
4605,3
4606,3
4607,0
4608,4
4609,4
4610,3
4611,3
4612,1
4613,3
4614,3
4615,3
4616,4
4617,2
4618,2
4619,3
4620,4
4621,4
4622,1
4623,3
4624,3
4625,1
4626,4
4627,2
4628,4
4629,1
4630,4
4631,2
4632,4
4633,4
4634,3
4635,5
4636,3
4637,4
4638,4
4639,4
4640,3
4641,4
4642,5
4643,5
4644,0
4645,3
4646,4
4647,4
4648,3
4649,5
4650,2
4651,3
4652,5
4653,1
4654,3
4655,2
4656,4
4657,5
4658,1
4659,2
4660,4
4661,3
4662,5
4663,2
4664,5
4665,3
4666,5
4667,0
4668,0
4669,1
4670,2
4671,4
4672,3
4673,1
4674,3
4675,4
4676,3
4677,5
4678,4
4679,2
4680,5
4681,5
4682,4
4683,3
4684,2
4685,4
4686,3
4687,0
4688,0
4689,3
4690,3
4691,3
4692,0
4693,1
4694,4
4695,0
4696,4
4697,4
4698,0
4699,3
4700,5
4701,1
4702,5
4703,3
4704,4
4705,1
4706,4
4707,2
4708,2
4709,3
4710,5
4711,4
4712,3
4713,4
4714,3
4715,2
4716,5
4717,2
4718,4
4719,2
4720,2
4721,4
4722,5
4723,3
4724,5
4725,0
4726,4
4727,4
4728,4
4729,4
4730,5
4731,4
4732,4
4733,4
4734,1
4735,4
4736,4
4737,3
4738,0
4739,3
4740,4
4741,1
4742,4
4743,3
4744,0
4745,4
4746,5
4747,1
4748,1
4749,1
4750,2
4751,4
4752,0
4753,3
4754,5
4755,1
4756,2
4757,4
4758,3
4759,3
4760,0
4761,3
4762,3
4763,3
4764,3
4765,5
4766,5
4767,5
4768,1
4769,2
4770,2
4771,4
4772,2
4773,5
4774,0
4775,2
4776,4
4777,1
4778,2
4779,5
4780,1
4781,5
4782,4
4783,4
4784,3
4785,3
4786,4
4787,3
4788,3
4789,4
4790,4
4791,5
4792,5
4793,4
4794,4
4795,3
4796,4
4797,3
4798,0
4799,4
4800,4
4801,1
4802,2
4803,4
4804,3
4805,4
4806,2
4807,5
4808,3
4809,3
4810,2
4811,1
4812,4
4813,0
4814,4
4815,4
4816,4
4817,3
4818,3
4819,1
4820,3
4821,3
4822,4
4823,3
4824,4
4825,4
4826,0
4827,4
4828,3
4829,5
4830,4
4831,2
4832,3
4833,4
4834,4
4835,1
4836,3
4837,1
4838,3
4839,4
4840,4
4841,1
4842,4
4843,4
4844,3
4845,4
4846,3
4847,4
4848,3
4849,4
4850,4
4851,3
4852,4
4853,5
4854,4
4855,5
4856,1
4857,0
4858,4
4859,1
4860,5
4861,4
4862,3
4863,3
4864,5
4865,3
4866,5
4867,1
4868,2
4869,2
4870,0
4871,2
4872,3
4873,4
4874,4
4875,1
4876,3
4877,5
4878,4
4879,1
4880,4
4881,4
4882,5
4883,3
4884,4
4885,0
4886,4
4887,3
4888,4
4889,0
4890,3
4891,4
4892,3
4893,2
4894,3
4895,3
4896,0
4897,1
4898,1
4899,3
4900,0
4901,2
4902,5
4903,4
4904,3
4905,4
4906,5
4907,3
4908,5
4909,5
4910,4
4911,3
4912,3
4913,4
4914,4
4915,4
4916,0
4917,3
4918,4
4919,5
4920,2
4921,3
4922,1
4923,3
4924,1
4925,4
4926,5
4927,0
4928,2
4929,3
4930,4
4931,4
4932,3
4933,4
4934,3
4935,4
4936,4
4937,4
4938,3
4939,1
4940,0
4941,3
4942,4
4943,3
4944,0
4945,4
4946,1
4947,1
4948,3
4949,3
4950,2
4951,4
4952,4
4953,3
4954,5
4955,5
4956,3
4957,4
4958,3
4959,3
4960,4
4961,5
4962,4
4963,3
4964,3
4965,3
4966,5
4967,4
4968,3
4969,0
4970,4
4971,4
4972,3
4973,3
4974,5
4975,4
4976,3
4977,3
4978,1
4979,0
4980,0
4981,4
4982,4
4983,3
4984,4
4985,4
4986,5
4987,1
4988,4
4989,3
4990,0
4991,4
4992,4
4993,0
4994,0
4995,0
4996,1
4997,3
4998,4
4999,4
5000,3
5001,3
5002,3
5003,4
5004,0
5005,3
5006,3
5007,2
5008,2
5009,0
5010,5
5011,2
5012,5
5013,2
5014,4
5015,3
5016,0
5017,4
5018,3
5019,4
5020,5
5021,3
5022,2
5023,5
5024,4
5025,4
5026,4
5027,4
5028,4
5029,2
5030,3
5031,1
5032,4
5033,2
5034,4
5035,3
5036,4
5037,4
5038,5
5039,0
5040,0
5041,2
5042,5
5043,1
5044,4
5045,1
5046,4
5047,0
5048,4
5049,1
5050,4
5051,1
5052,3
5053,2
5054,5
5055,3
5056,2
5057,4
5058,4
5059,5
5060,0
5061,4
5062,0
5063,3
5064,3
5065,3
5066,3
5067,4
5068,4
5069,2
5070,0
5071,3
5072,5
5073,2
5074,3
5075,5
5076,3
5077,2
5078,3
5079,0
5080,4
5081,4
5082,5
5083,4
5084,4
5085,3
5086,2
5087,3
5088,4
5089,2
5090,3
5091,5
5092,0
5093,3
5094,1
5095,2
5096,2
5097,4
5098,3
5099,1
5100,3
5101,2
5102,2
5103,3
5104,3
5105,2
5106,4
5107,3
5108,3
5109,3
5110,3
5111,3
5112,4
5113,1
5114,4
5115,3
5116,0
5117,0
5118,4
5119,3
5120,4
5121,5
5122,3
5123,4
5124,3
5125,2
5126,0
5127,4
5128,3
5129,4
5130,2
5131,5
5132,0
5133,2
5134,1
5135,1
5136,3
5137,4
5138,3
5139,4
5140,4
5141,3
5142,3
5143,4
5144,1
5145,5
5146,3
5147,3
5148,3
5149,2
5150,5
5151,1
5152,3
5153,3
5154,4
5155,4
5156,0
5157,5
5158,1
5159,4
5160,2
5161,1
5162,3
5163,4
5164,4
5165,4
5166,5
5167,4
5168,0
5169,3
5170,3
5171,1
5172,3
5173,3
5174,3
5175,5
5176,5
5177,4
5178,4
5179,1
5180,1
5181,0
5182,4
5183,2
5184,5
5185,4
5186,5
5187,2
5188,3
5189,3
5190,4
5191,3
5192,3
5193,4
5194,3
5195,4
5196,2
5197,3
5198,3
5199,5
5200,4
5201,2
5202,1
5203,3
5204,0
5205,1
5206,4
5207,3
5208,5
5209,5
5210,4
5211,2
5212,3
5213,3
5214,2
5215,3
5216,2
5217,3
5218,4
5219,4
5220,4
5221,0
5222,4
5223,3
5224,3
5225,5
5226,5
5227,2
5228,1
5229,5
5230,4
5231,3
5232,3
5233,2
5234,3
5235,2
5236,4
5237,4
5238,2
5239,0
5240,2
5241,4
5242,4
5243,2
5244,2
5245,4
5246,1
5247,1
5248,3
5249,4
5250,3
5251,4
5252,1
5253,3
5254,2
5255,1
5256,3
5257,3
5258,3
5259,4
5260,1
5261,4
5262,4
5263,4
5264,5
5265,1
5266,4
5267,3
5268,4
5269,4
5270,4
5271,3
5272,4
5273,4
5274,3
5275,0
5276,1
5277,2
5278,3
5279,2
5280,3
5281,0
5282,3
5283,3
5284,2
5285,0
5286,4
5287,4
5288,1
5289,3
5290,3
5291,3
5292,2
5293,3
5294,0
5295,3
5296,3
5297,1
5298,5
5299,3
5300,2
5301,0
5302,2
5303,4
5304,3
5305,4
5306,4
5307,4
5308,0
5309,3
5310,2
5311,3
5312,3
5313,4
5314,4
5315,4
5316,4
5317,3
5318,0
5319,2
5320,5
5321,0
5322,4
5323,1
5324,5
5325,5
5326,4
5327,5
5328,5
5329,4
5330,2
5331,4
5332,3
5333,1
5334,3
5335,5
5336,0
5337,4
5338,3
5339,3
5340,3
5341,3
5342,4
5343,4
5344,3
5345,4
5346,2
5347,4
5348,3
5349,5
5350,4
5351,2
5352,4
5353,3
5354,4
5355,4
5356,3
5357,4
5358,4
5359,3
5360,2
5361,1
5362,3
5363,2
5364,1
5365,3
5366,4
5367,2
5368,3
5369,5
5370,3
5371,1
5372,3
5373,3
5374,2
5375,5
5376,0
5377,4
5378,0
5379,5
5380,5
5381,2
5382,3
5383,4
5384,3
5385,4
5386,1
5387,4
5388,4
5389,2
5390,3
5391,3
5392,2
5393,5
5394,0
5395,5
5396,0
5397,3
5398,2
5399,5
5400,3
5401,3
5402,4
5403,4
5404,3
5405,4
5406,3
5407,0
5408,3
5409,3
5410,3
5411,3
5412,4
5413,3
5414,2
5415,4
5416,2
5417,4
5418,3
5419,0
5420,5
5421,3
5422,5
5423,3
5424,3
5425,4
5426,3
5427,3
5428,2
5429,5
5430,2
5431,3
5432,3
5433,2
5434,1
5435,3
5436,4
5437,4
5438,3
5439,4
5440,4
5441,4
5442,5
5443,3
5444,1
5445,5
5446,4
5447,0
5448,2
5449,4
5450,0
5451,3
5452,1
5453,2
5454,3
5455,5
5456,1
5457,4
5458,3
5459,1
5460,3
5461,4
5462,5
5463,4
5464,2
5465,4
5466,5
5467,2
5468,4
5469,3
5470,3
5471,2
5472,5
5473,4
5474,1
5475,1
5476,3
5477,4
5478,5
5479,3
5480,3
5481,4
5482,2
5483,3
5484,3
5485,4
5486,1
5487,0
5488,4
5489,4
5490,5
5491,4
5492,3
5493,4
5494,5
5495,1
5496,3
5497,2
5498,3
5499,4
5500,2
5501,4
5502,4
5503,3
5504,4
5505,1
5506,4
5507,3
5508,1
5509,3
5510,3
5511,3
5512,3
5513,0
5514,4
5515,3
5516,1
5517,0
5518,4
5519,2
5520,4
5521,5
5522,2
5523,3
5524,3
5525,2
5526,1
5527,2
5528,4
5529,5
5530,4
5531,2
5532,3
5533,3
5534,1
5535,4
5536,4
5537,1
5538,4
5539,4
5540,4
5541,3
5542,4
5543,0
5544,3
5545,4
5546,3
5547,2
5548,2
5549,3
5550,4
5551,4
5552,2
5553,4
5554,4
5555,3
5556,0
5557,3
5558,4
5559,4
5560,3
5561,2
5562,3
5563,5
5564,5
5565,2
5566,3
5567,4
5568,3
5569,4
5570,2
5571,4
5572,0
5573,4
5574,0
5575,5
5576,4
5577,4
5578,5
5579,1
5580,1
5581,4
5582,0
5583,0
5584,4
5585,4
5586,0
5587,4
5588,1
5589,4
5590,3
5591,3
5592,4
5593,1
5594,4
5595,0
5596,3
5597,4
5598,4
5599,3
5600,3
5601,3
5602,5
5603,4
5604,5
5605,5
5606,5
5607,2
5608,3
5609,4
5610,2
5611,4
5612,3
5613,0
5614,4
5615,4
5616,2
5617,5
5618,1
5619,1
5620,1
5621,4
5622,5
5623,2
5624,4
5625,3
5626,5
5627,3
5628,3
5629,5
5630,4
5631,0
5632,2
5633,4
5634,3
5635,4
5636,5
5637,1
5638,3
5639,5
5640,4
5641,3
5642,3
5643,2
5644,4
5645,2
5646,1
5647,2
5648,0
5649,3
5650,3
5651,3
5652,2
5653,4
5654,4
5655,3
5656,1
5657,1
5658,1
5659,4
5660,4
5661,4
5662,1
5663,3
5664,3
5665,5
5666,3
5667,4
5668,2
5669,3
5670,5
5671,0
5672,4
5673,2
5674,3
5675,3
5676,5
5677,3
5678,0
5679,4
5680,5
5681,5
5682,3
5683,5
5684,2
5685,4
5686,2
5687,2
5688,3
5689,0
5690,3
5691,4
5692,2
5693,3
5694,3
5695,3
5696,4
5697,2
5698,3
5699,4
5700,4
5701,4
5702,5
5703,4
5704,3
5705,2
5706,2
5707,5
5708,4
5709,2
5710,3
5711,3
5712,0
5713,4
5714,0
5715,3
5716,4
5717,3
5718,3
5719,4
5720,3
5721,4
5722,0
5723,3
5724,4
5725,0
5726,4
5727,5
5728,3
5729,1
5730,4
5731,1
5732,3
5733,3
5734,1
5735,2
5736,3
5737,4
5738,1
5739,3
5740,4
5741,4
5742,3
5743,3
5744,4
5745,3
5746,0
5747,4
5748,3
5749,4
5750,5
5751,5
5752,3
5753,5
5754,4
5755,2
5756,4
5757,3
5758,3
5759,2
5760,4
5761,2
5762,0
5763,4
5764,4
5765,2
5766,4
5767,3
5768,3
5769,4
5770,4
5771,4
5772,3
5773,2
5774,4
5775,3
5776,4
5777,3
5778,4
5779,1
5780,2
5781,2
5782,4
5783,2
5784,5
5785,1
5786,4
5787,5
5788,3
5789,5
5790,0
5791,4
5792,1
5793,0
5794,3
5795,4
5796,4
5797,3
5798,3
5799,2
5800,4
5801,2
5802,2
5803,0
5804,4
5805,3
5806,4
5807,3
5808,4
5809,4
5810,5
5811,4
5812,4
5813,3
5814,0
5815,3
5816,3
5817,3
5818,0
5819,5
5820,4
5821,0
5822,2
5823,3
5824,4
5825,3
5826,4
5827,4
5828,4
5829,0
5830,3
5831,5
5832,4
5833,4
5834,5
5835,1
5836,3
5837,5
5838,3
5839,1
5840,5
5841,4
5842,0
5843,2
5844,5
5845,3
5846,3
5847,4
5848,4
5849,3
5850,4
5851,4
5852,3
5853,2
5854,1
5855,1
5856,1
5857,5
5858,3
5859,3
5860,0
5861,3
5862,3
5863,4
5864,5
5865,1
5866,1
5867,4
5868,1
5869,5
5870,2
5871,4
5872,5
5873,0
5874,4
5875,3
5876,5
5877,0
5878,4
5879,4
5880,5
5881,1
5882,0
5883,4
5884,2
5885,4
5886,3
5887,4
5888,4
5889,2
5890,3
5891,3
5892,3
5893,4
5894,4
5895,3
5896,4
5897,4
5898,4
5899,3
5900,2
5901,4
5902,5
5903,4
5904,1
5905,1
5906,3
5907,3
5908,4
5909,3
5910,0
5911,3
5912,4
5913,3
5914,3
5915,3
5916,3
5917,2
5918,1
5919,0
5920,3
5921,3
5922,5
5923,5
5924,4
5925,0
5926,3
5927,4
5928,3
5929,3
5930,3
5931,3
5932,5
5933,5
5934,0
5935,0
5936,4
5937,3
5938,3
5939,5
5940,3
5941,4
5942,1
5943,4
5944,4
5945,2
5946,3
5947,2
5948,3
5949,0
5950,3
5951,5
5952,4
5953,4
5954,3
5955,3
5956,2
5957,3
5958,5
5959,3
5960,1
5961,3
5962,4
5963,3
5964,3
5965,4
5966,2
5967,4
5968,4
5969,3
5970,4
5971,4
5972,4
5973,1
5974,1
5975,4
5976,4
5977,4
5978,4
5979,3
5980,2
5981,3
5982,4
5983,3
5984,4
5985,5
5986,5
5987,4
5988,4
5989,3
5990,4
5991,3
5992,3
5993,0
5994,4
5995,3
5996,4
5997,3
5998,4
5999,4
6000,5
6001,0
6002,1
6003,4
6004,4
6005,5
6006,3
6007,3
6008,5
6009,4
6010,2
6011,1
6012,0
6013,0
6014,2
6015,4
6016,3
6017,3
6018,1
6019,4
6020,5
6021,5
6022,3
6023,4
6024,1
6025,5
6026,3
6027,4
6028,4
6029,4
6030,3
6031,3
6032,4
6033,4
6034,3
6035,3
6036,4
6037,3
6038,4
6039,4
6040,3
6041,4
6042,3
6043,4
6044,2
6045,3
6046,4
6047,4
6048,4
6049,5
6050,4
6051,3
6052,3
6053,4
6054,1
6055,3
6056,5
6057,4
6058,4
6059,4
6060,3
6061,1
6062,0
6063,0
6064,2
6065,1
6066,0
6067,4
6068,3
6069,4
6070,3
6071,4
6072,3
6073,3
6074,0
6075,4
6076,3
6077,3
6078,3
6079,3
6080,2
6081,4
6082,3
6083,2
6084,1
6085,3
6086,0
6087,4
6088,4
6089,3
6090,3
6091,5
6092,3
6093,3
6094,5
6095,1
6096,4
6097,0
6098,4
6099,3
6100,4
6101,5
6102,0
6103,4
6104,3
6105,4
6106,3
6107,4
6108,3
6109,0
6110,4
6111,1
6112,3
6113,3
6114,0
6115,3
6116,4
6117,3
6118,0
6119,2
6120,3
6121,1
6122,3
6123,5
6124,4
6125,5
6126,5
6127,2
6128,4
6129,3
6130,0
6131,2
6132,4
6133,5
6134,3
6135,3
6136,3
6137,0
6138,4
6139,3
6140,1
6141,4
6142,4
6143,4
6144,2
6145,5
6146,3
6147,1
6148,3
6149,2
6150,4
6151,1
6152,0
6153,5
6154,2
6155,1
6156,3
6157,5
6158,2
6159,3
6160,1
6161,3
6162,2
6163,0
6164,4
6165,3
6166,2
6167,3
6168,3
6169,4
6170,4
6171,3
6172,5
6173,3
6174,3
6175,0
6176,1
6177,0
6178,3
6179,2
6180,2
6181,1
6182,4
6183,2
6184,4
6185,3
6186,1
6187,3
6188,3
6189,2
6190,3
6191,5
6192,3
6193,2
6194,2
6195,1
6196,2
6197,0
6198,0
6199,3
6200,5
6201,1
6202,3
6203,4
6204,3
6205,4
6206,5
6207,2
6208,0
6209,3
6210,3
6211,3
6212,4
6213,1
6214,1
6215,1
6216,1
6217,3
6218,1
6219,5
6220,2
6221,3
6222,4
6223,4
6224,4
6225,3
6226,5
6227,3
6228,5
6229,4
6230,5
6231,1
6232,4
6233,0
6234,3
6235,4
6236,4
6237,0
6238,0
6239,1
6240,3
6241,4
6242,3
6243,4
6244,5
6245,3
6246,4
6247,2
6248,5
6249,4
6250,3
6251,3
6252,0
6253,3
6254,4
6255,4
6256,1
6257,4
6258,5
6259,3
6260,4
6261,5
6262,2
6263,2
6264,0
6265,0
6266,3
6267,0
6268,4
6269,3
6270,3
6271,3
6272,0
6273,5
6274,4
6275,0
6276,3
6277,3
6278,3
6279,3
6280,5
6281,5
6282,0
6283,5
6284,4
6285,4
6286,4
6287,3
6288,3
6289,5
6290,3
6291,4
6292,5
6293,1
6294,5
6295,1
6296,0
6297,5
6298,4
6299,4
6300,0
6301,1
6302,4
6303,3
6304,4
6305,2
6306,4
6307,0
6308,2
6309,0
6310,1
6311,1
6312,3
6313,3
6314,4
6315,3
6316,5
6317,4
6318,3
6319,0
6320,0
6321,3
6322,4
6323,4
6324,5
6325,3
6326,5
6327,0
6328,2
6329,3
6330,1
6331,4
6332,4
6333,0
6334,4
6335,0
6336,4
6337,2
6338,1
6339,4
6340,3
6341,3
6342,1
6343,3
6344,5
6345,4
6346,3
6347,1
6348,4
6349,5
6350,4
6351,4
6352,3
6353,4
6354,5
6355,3
6356,5
6357,1
6358,2
6359,4
6360,3
6361,2
6362,2
6363,5
6364,5
6365,5
6366,2
6367,2
6368,5
6369,2
6370,3
6371,5
6372,4
6373,4
6374,2
6375,4
6376,1
6377,5
6378,4
6379,1
6380,4
6381,3
6382,2
6383,3
6384,1
6385,2
6386,3
6387,2
6388,4
6389,3
6390,4
6391,3
6392,4
6393,2
6394,4
6395,1
6396,2
6397,4
6398,0
6399,2
6400,2
6401,4
6402,5
6403,2
6404,4
6405,3
6406,3
6407,2
6408,5
6409,3
6410,3
6411,4
6412,3
6413,2
6414,4
6415,4
6416,4
6417,3
6418,4
6419,4
6420,5
6421,4
6422,5
6423,0
6424,1
6425,5
6426,4
6427,3
6428,4
6429,3
6430,4
6431,4
6432,2
6433,3
6434,4
6435,1
6436,4
6437,1
6438,4
6439,4
6440,2
6441,1
6442,4
6443,5
6444,3
6445,3
6446,1
6447,2
6448,3
6449,5
6450,3
6451,5
6452,2
6453,2
6454,2
6455,3
6456,4
6457,3
6458,3
6459,5
6460,0
6461,0
6462,2
6463,2
6464,2
6465,5
6466,4
6467,3
6468,5
6469,5
6470,0
6471,4
6472,3
6473,3
6474,4
6475,4
6476,3
6477,4
6478,3
6479,4
6480,3
6481,3
6482,4
6483,4
6484,3
6485,4
6486,3
6487,4
6488,3
6489,3
6490,1
6491,4
6492,3
6493,3
6494,4
6495,3
6496,3
6497,4
6498,4
6499,2
6500,0
6501,4
6502,5
6503,4
6504,0
6505,2
6506,2
6507,3
6508,0
6509,0
6510,2
6511,3
6512,3
6513,4
6514,4
6515,4
6516,0
6517,1
6518,1
6519,3
6520,4
6521,5
6522,4
6523,4
6524,3
6525,3
6526,0
6527,2
6528,5
6529,4
6530,3
6531,5
6532,4
6533,3
6534,1
6535,5
6536,3
6537,2
6538,3
6539,3
6540,2
6541,4
6542,4
6543,3
6544,4
6545,4
6546,5
6547,3
6548,0
6549,1
6550,4
6551,5
6552,3
6553,3
6554,4
6555,4
6556,4
6557,3
6558,4
6559,3
6560,4
6561,4
6562,4
6563,2
6564,3
6565,4
6566,4
6567,4
6568,3
6569,3
6570,1
6571,4
6572,2
6573,4
6574,3
6575,5
6576,3
6577,5
6578,4
6579,3
6580,3
6581,3
6582,3
6583,4
6584,2
6585,4
6586,2
6587,1
6588,3
6589,4
6590,4
6591,3
6592,2
6593,2
6594,4
6595,5
6596,4
6597,0
6598,3
6599,3
6600,4
6601,5
6602,5
6603,5
6604,4
6605,3
6606,4
6607,2
6608,3
6609,5
6610,3
6611,0
6612,4
6613,5
6614,5
6615,2
6616,3
6617,2
6618,3
6619,1
6620,3
6621,4
6622,0
6623,5
6624,3
6625,1
6626,5
6627,1
6628,3
6629,3
6630,1
6631,3
6632,1
6633,3
6634,4
6635,3
6636,1
6637,3
6638,3
6639,5
6640,4
6641,3
6642,1
6643,1
6644,4
6645,0
6646,4
6647,4
6648,0
6649,2
6650,2
6651,2
6652,4
6653,3
6654,4
6655,4
6656,2
6657,1
6658,4
6659,4
6660,3
6661,3
6662,4
6663,5
6664,2
6665,5
6666,3
6667,3
6668,2
6669,4
6670,4
6671,4
6672,4
6673,3
6674,4
6675,4
6676,0
6677,4
6678,4
6679,4
6680,2
6681,4
6682,4
6683,2
6684,3
6685,3
6686,2
6687,0
6688,0
6689,4
6690,3
6691,3
6692,4
6693,3
6694,3
6695,3
6696,1
6697,3
6698,3
6699,4
6700,4
6701,0
6702,3
6703,0
6704,4
6705,5
6706,5
6707,3
6708,1
6709,3
6710,1
6711,4
6712,4
6713,1
6714,4
6715,5
6716,5
6717,0
6718,0
6719,1
6720,5
6721,3
6722,4
6723,0
6724,5
6725,3
6726,2
6727,0
6728,2
6729,4
6730,3
6731,5
6732,4
6733,1
6734,1
6735,4
6736,4
6737,4
6738,3
6739,3
6740,3
6741,4
6742,1
6743,3
6744,4
6745,4
6746,3
6747,4
6748,1
6749,3
6750,1
6751,3
6752,4
6753,4
6754,4
6755,4
6756,5
6757,2
6758,2
6759,3
6760,5
6761,5
6762,5
6763,3
6764,4
6765,3
6766,4
6767,4
6768,3
6769,0
6770,5
6771,3
6772,5
6773,1
6774,4
6775,1
6776,5
6777,3
6778,3
6779,2
6780,3
6781,3
6782,0
6783,4
6784,3
6785,5
6786,1
6787,1
6788,2
6789,2
6790,2
6791,2
6792,4
6793,4
6794,2
6795,3
6796,4
6797,0
6798,2
6799,1
6800,4
6801,4
6802,3
6803,3
6804,5
6805,3
6806,3
6807,3
6808,0
6809,3
6810,4
6811,3
6812,3
6813,4
6814,5
6815,4
6816,3
6817,1
6818,4
6819,5
6820,4
6821,4
6822,5
6823,3
6824,4
6825,3
6826,2
6827,0
6828,2
6829,4
6830,4
6831,3
6832,3
6833,1
6834,0
6835,3
6836,4
6837,1
6838,0
6839,4
6840,4
6841,2
6842,3
6843,0
6844,0
6845,2
6846,2
6847,3
6848,1
6849,3
6850,2
6851,1
6852,4
6853,4
6854,5
6855,4
6856,5
6857,2
6858,5
6859,2
6860,4
6861,4
6862,4
6863,3
6864,3
6865,2
6866,0
6867,3
6868,1
6869,4
6870,1
6871,4
6872,2
6873,1
6874,5
6875,3
6876,5
6877,5
6878,2
6879,5
6880,3
6881,4
6882,5
6883,1
6884,3
6885,2
6886,4
6887,4
6888,4
6889,2
6890,4
6891,1
6892,3
6893,4
6894,2
6895,2
6896,4
6897,4
6898,3
6899,3
6900,2
6901,4
6902,4
6903,2
6904,4
6905,0
6906,4
6907,1
6908,5
6909,0
6910,3
6911,3
6912,4
6913,0
6914,3
6915,4
6916,5
6917,1
6918,5
6919,2
6920,4
6921,3
6922,4
6923,4
6924,4
6925,4
6926,3
6927,3
6928,1
6929,4
6930,5
6931,2
6932,4
6933,1
6934,3
6935,4
6936,0
6937,1
6938,1
6939,0
6940,3
6941,3
6942,5
6943,1
6944,2
6945,3
6946,4
6947,2
6948,5
6949,4
6950,3
6951,4
6952,3
6953,3
6954,1
6955,4
6956,2
6957,0
6958,3
6959,4
6960,3
6961,4
6962,2
6963,4
6964,3
6965,3
6966,5
6967,3
6968,1
6969,0
6970,4
6971,0
6972,3
6973,4
6974,2
6975,5
6976,5
6977,4
6978,3
6979,4
6980,2
6981,2
6982,4
6983,4
6984,4
6985,0
6986,2
6987,3
6988,1
6989,5
6990,3
6991,2
6992,5
6993,3
6994,3
6995,5
6996,4
6997,1
6998,0
6999,5
7000,3
7001,3
7002,3
7003,5
7004,1
7005,3
7006,2
7007,2
7008,4
7009,2
7010,3
7011,4
7012,1
7013,4
7014,1
7015,2
7016,5
7017,4
7018,3
7019,4
7020,5
7021,4
7022,3
7023,5
7024,2
7025,1
7026,3
7027,5
7028,3
7029,0
7030,3
7031,4
7032,2
7033,4
7034,5
7035,0
7036,3
7037,1
7038,4
7039,3
7040,4
7041,2
7042,3
7043,5
7044,4
7045,1
7046,3
7047,3
7048,0
7049,5
7050,4
7051,3
7052,4
7053,4
7054,4
7055,4
7056,2
7057,4
7058,1
7059,2
7060,0
7061,4
7062,1
7063,4
7064,2
7065,1
7066,0
7067,1
7068,4
7069,4
7070,4
7071,4
7072,4
7073,5
7074,5
7075,2
7076,3
7077,3
7078,1
7079,3
7080,4
7081,5
7082,1
7083,1
7084,2
7085,0
7086,3
7087,4
7088,3
7089,3
7090,2
7091,0
7092,4
7093,1
7094,3
7095,4
7096,3
7097,4
7098,0
7099,2
7100,4
7101,4
7102,3
7103,2
7104,3
7105,3
7106,3
7107,1
7108,5
7109,4
7110,3
7111,5
7112,4
7113,2
7114,3
7115,4
7116,3
7117,3
7118,4
7119,3
7120,1
7121,0
7122,0
7123,3
7124,4
7125,5
7126,0
7127,4
7128,0
7129,5
7130,1
7131,4
7132,2
7133,3
7134,3
7135,5
7136,3
7137,0
7138,4
7139,4
7140,4
7141,3
7142,4
7143,4
7144,2
7145,0
7146,4
7147,0
7148,5
7149,4
7150,1
7151,1
7152,3
7153,3
7154,4
7155,2
7156,3
7157,3
7158,5
7159,3
7160,4
7161,5
7162,3
7163,5
7164,0
7165,2
7166,2
7167,3
7168,4
7169,2
7170,4
7171,4
7172,3
7173,4
7174,5
7175,4
7176,2
7177,5
7178,4
7179,3
7180,3
7181,3
7182,1
7183,4
7184,3
7185,4
7186,3
7187,0
7188,4
7189,3
7190,4
7191,4
7192,3
7193,0
7194,0
7195,3
7196,5
7197,3
7198,4
7199,1
7200,0
7201,2
7202,3
7203,2
7204,1
7205,4
7206,0
7207,3
7208,4
7209,3
7210,3
7211,0
7212,3
7213,4
7214,3
7215,3
7216,3
7217,2
7218,1
7219,4
7220,4
7221,3
7222,3
7223,1
7224,3
7225,4
7226,3
7227,3
7228,5
7229,4
7230,3
7231,3
7232,3
7233,5
7234,3
7235,4
7236,0
7237,4
7238,4
7239,5
7240,3
7241,4
7242,0
7243,3
7244,5
7245,3
7246,0
7247,4
7248,5
7249,1
7250,5
7251,4
7252,4
7253,4
7254,3
7255,0
7256,2
7257,2
7258,4
7259,4
7260,1
7261,0
7262,5
7263,4
7264,4
7265,1
7266,5
7267,1
7268,3
7269,4
7270,2
7271,5
7272,3
7273,3
7274,3
7275,4
7276,1
7277,4
7278,5
7279,3
7280,3
7281,3
7282,2
7283,4
7284,5
7285,4
7286,2
7287,1
7288,3
7289,4
7290,3
7291,3
7292,2
7293,3
7294,3
7295,3
7296,2
7297,4
7298,0
7299,5
7300,3
7301,3
7302,3
7303,4
7304,4
7305,3
7306,3
7307,3
7308,2
7309,3
7310,2
7311,5
7312,3
7313,1
7314,4
7315,3
7316,4
7317,2
7318,5
7319,4
7320,3
7321,0
7322,4
7323,3
7324,3
7325,2
7326,0
7327,4
7328,3
7329,3
7330,3
7331,1
7332,3
7333,2
7334,5
7335,0
7336,5
7337,4
7338,2
7339,4
7340,2
7341,1
7342,3
7343,5
7344,0
7345,3
7346,5
7347,1
7348,2
7349,4
7350,5
7351,4
7352,1
7353,3
7354,4
7355,5
7356,3
7357,1
7358,4
7359,3
7360,3
7361,0
7362,5
7363,2
7364,3
7365,3
7366,1
7367,4
7368,5
7369,4
7370,2
7371,2
7372,3
7373,3
7374,4
7375,3
7376,3
7377,4
7378,3
7379,4
7380,4
7381,0
7382,0
7383,3
7384,5
7385,3
7386,2
7387,0
7388,5
7389,4
7390,4
7391,2
7392,3
7393,2
7394,5
7395,4
7396,4
7397,4
7398,5
7399,4
7400,4
7401,1
7402,4
7403,4
7404,4
7405,2
7406,2
7407,5
7408,4
7409,2
7410,4
7411,3
7412,1
7413,2
7414,1
7415,3
7416,3
7417,3
7418,4
7419,1
7420,3
7421,1
7422,2
7423,1
7424,2
7425,4
7426,3
7427,1
7428,2
7429,3
7430,4
7431,0
7432,1
7433,4
7434,1
7435,4
7436,5
7437,1
7438,4
7439,3
7440,5
7441,3
7442,3
7443,1
7444,4
7445,4
7446,0
7447,5
7448,5
7449,4
7450,3
7451,2
7452,3
7453,2
7454,4
7455,4
7456,2
7457,3
7458,4
7459,2
7460,4
7461,1
7462,0
7463,3
7464,1
7465,1
7466,5
7467,3
7468,3
7469,4
7470,4
7471,3
7472,2
7473,4
7474,5
7475,4
7476,1
7477,5
7478,4
7479,4
7480,3
7481,4
7482,3
7483,2
7484,5
7485,4
7486,4
7487,4
7488,3
7489,5
7490,3
7491,3
7492,2
7493,4
7494,3
7495,1
7496,4
7497,1
7498,4
7499,3
7500,2
7501,3
7502,2
7503,5
7504,1
7505,4
7506,3
7507,3
7508,3
7509,2
7510,4
7511,3
7512,3
7513,3
7514,2
7515,4
7516,2
7517,2
7518,3
7519,1
7520,2
7521,4
7522,3
7523,4
7524,5
7525,5
7526,3
7527,2
7528,3
7529,3
7530,3
7531,2
7532,3
7533,3
7534,2
7535,5
7536,4
7537,3
7538,1
7539,4
7540,3
7541,5
7542,4
7543,3
7544,2
7545,5
7546,2
7547,3
7548,2
7549,3
7550,5
7551,0
7552,1
7553,4
7554,2
7555,2
7556,3
7557,5
7558,5
7559,3
7560,4
7561,4
7562,1
7563,5
7564,4
7565,3
7566,2
7567,3
7568,3
7569,5
7570,1
7571,4
7572,3
7573,0
7574,3
7575,2
7576,3
7577,3
7578,3
7579,3
7580,4
7581,4
7582,0
7583,3
7584,5
7585,3
7586,4
7587,4
7588,4
7589,3
7590,2
7591,1
7592,4
7593,0
7594,1
7595,2
7596,5
7597,5
7598,1
7599,4
7600,3
7601,3
7602,5
7603,2
7604,5
7605,5
7606,0
7607,3
7608,0
7609,5
7610,2
7611,0
7612,4
7613,3
7614,5
7615,3
7616,4
7617,2
7618,4
7619,0
7620,3
7621,3
7622,1
7623,2
7624,5
7625,3
7626,3
7627,4
7628,4
7629,4
7630,3
7631,4
7632,2
7633,1
7634,3
7635,4
7636,3
7637,4
7638,4
7639,1
7640,2
7641,4
7642,5
7643,1
7644,3
7645,0
7646,4
7647,4
7648,4
7649,3
7650,5
7651,3
7652,2
7653,3
7654,1
7655,5
7656,1
7657,0
7658,3
7659,5
7660,4
7661,3
7662,0
7663,3
7664,3
7665,2
7666,1
7667,4
7668,3
7669,4
7670,4
7671,4
7672,3
7673,5
7674,4
7675,3
7676,3
7677,3
7678,2
7679,4
7680,1
7681,2
7682,3
7683,4
7684,3
7685,4
7686,3
7687,2
7688,3
7689,3
7690,2
7691,3
7692,1
7693,2
7694,2
7695,1
7696,4
7697,2
7698,1
7699,1
7700,4
7701,4
7702,4
7703,2
7704,5
7705,2
7706,4
7707,3
7708,0
7709,3
7710,5
7711,1
7712,4
7713,3
7714,2
7715,3
7716,0
7717,5
7718,4
7719,4
7720,3
7721,0
7722,4
7723,3
7724,1
7725,5
7726,3
7727,3
7728,4
7729,4
7730,2
7731,3
7732,1
7733,3
7734,4
7735,3
7736,5
7737,4
7738,3
7739,4
7740,0
7741,4
7742,3
7743,3
7744,2
7745,0
7746,3
7747,4
7748,2
7749,2
7750,3
7751,1
7752,2
7753,2
7754,5
7755,2
7756,4
7757,3
7758,3
7759,4
7760,3
7761,4
7762,5
7763,4
7764,3
7765,0
7766,5
7767,3
7768,3
7769,5
7770,4
7771,1
7772,3
7773,3
7774,5
7775,4
7776,4
7777,3
7778,1
7779,4
7780,3
7781,2
7782,4
7783,5
7784,3
7785,3
7786,4
7787,2
7788,2
7789,0
7790,4
7791,0
7792,3
7793,3
7794,0
7795,4
7796,3
7797,2
7798,2
7799,3
7800,4
7801,0
7802,3
7803,1
7804,4
7805,4
7806,0
7807,3
7808,1
7809,3
7810,2
7811,5
7812,3
7813,4
7814,1
7815,4
7816,3
7817,2
7818,5
7819,3
7820,4
7821,4
7822,3
7823,4
7824,1
7825,2
7826,1
7827,3
7828,4
7829,5
7830,4
7831,3
7832,3
7833,3
7834,5
7835,2
7836,4
7837,4
7838,3
7839,4
7840,3
7841,2
7842,4
7843,3
7844,2
7845,5
7846,4
7847,4
7848,3
7849,3
7850,4
7851,2
7852,2
7853,4
7854,3
7855,5
7856,1
7857,1
7858,3
7859,4
7860,2
7861,4
7862,3
7863,3
7864,3
7865,4
7866,4
7867,0
7868,4
7869,5
7870,5
7871,4
7872,0
7873,4
7874,3
7875,2
7876,2
7877,4
7878,4
7879,2
7880,3
7881,3
7882,4
7883,3
7884,3
7885,4
7886,4
7887,4
7888,4
7889,5
7890,4
7891,4
7892,5
7893,1
7894,3
7895,2
7896,5
7897,3
7898,4
7899,0
7900,4
7901,5
7902,5
7903,4
7904,4
7905,3
7906,1
7907,5
7908,4
7909,2
7910,3
7911,3
7912,5
7913,4
7914,1
7915,3
7916,4
7917,2
7918,3
7919,1
7920,3
7921,5
7922,3
7923,3
7924,3
7925,2
7926,4
7927,3
7928,1
7929,5
7930,4
7931,2
7932,2
7933,5
7934,4
7935,0
7936,4
7937,4
7938,4
7939,4
7940,3
7941,3
7942,4
7943,2
7944,1
7945,3
7946,0
7947,3
7948,1
7949,5
7950,4
7951,3
7952,3
7953,4
7954,5
7955,4
7956,3
7957,2
7958,2
7959,4
7960,3
7961,4
7962,3
7963,4
7964,4
7965,2
7966,3
7967,0
7968,4
7969,3
7970,4
7971,2
7972,0
7973,2
7974,1
7975,4
7976,1
7977,4
7978,5
7979,5
7980,4
7981,3
7982,4
7983,2
7984,4
7985,4
7986,0
7987,4
7988,3
7989,3
7990,4
7991,5
7992,1
7993,4
7994,3
7995,3
7996,3
7997,4
7998,3
7999,4
8000,2
8001,3
8002,4
8003,0
8004,4
8005,0
8006,3
8007,4
8008,3
8009,4
8010,4
8011,1
8012,2
8013,4
8014,1
8015,1
8016,2
8017,4
8018,4
8019,1
8020,4
8021,3
8022,3
8023,4
8024,4
8025,3
8026,5
8027,3
8028,4
8029,3
8030,3
8031,0
8032,1
8033,2
8034,5
8035,3
8036,5
8037,3
8038,2
8039,0
8040,2
8041,5
8042,4
8043,3
8044,5
8045,4
8046,4
8047,2
8048,4
8049,4
8050,1
8051,3
8052,3
8053,2
8054,4
8055,4
8056,3
8057,3
8058,3
8059,3
8060,3
8061,5
8062,3
8063,0
8064,1
8065,1
8066,3
8067,4
8068,3
8069,4
8070,3
8071,5
8072,1
8073,5
8074,3
8075,3
8076,3
8077,3
8078,0
8079,2
8080,4
8081,3
8082,3
8083,3
8084,3
8085,4
8086,4
8087,4
8088,3
8089,5
8090,3
8091,2
8092,0
8093,4
8094,1
8095,3
8096,4
8097,3
8098,5
8099,1
8100,5
8101,5
8102,5
8103,3
8104,4
8105,2
8106,2
8107,3
8108,4
8109,1
8110,1
8111,3
8112,5
8113,4
8114,0
8115,1
8116,3
8117,2
8118,4
8119,4
8120,1
8121,3
8122,3
8123,4
8124,3
8125,0
8126,0
8127,1
8128,4
8129,1
8130,4
8131,4
8132,1
8133,0
8134,3
8135,3
8136,1
8137,4
8138,0
8139,1
8140,1
8141,3
8142,1
8143,4
8144,3
8145,5
8146,2
8147,0
8148,5
8149,3
8150,4
8151,0
8152,0
8153,4
8154,4
8155,4
8156,3
8157,3
8158,3
8159,2
8160,3
8161,1
8162,2
8163,1
8164,4
8165,2
8166,4
8167,4
8168,3
8169,4
8170,4
8171,4
8172,4
8173,4
8174,1
8175,3
8176,4
8177,0
8178,4
8179,5
8180,3
8181,4
8182,3
8183,4
8184,3
8185,2
8186,3
8187,3
8188,5
8189,5
8190,5
8191,3
8192,3
8193,3
8194,0
8195,3
8196,3
8197,4
8198,5
8199,3
8200,3
8201,4
8202,4
8203,0
8204,4
8205,0
8206,4
8207,4
8208,5
8209,4
8210,3
8211,1
8212,1
8213,4
8214,3
8215,4
8216,3
8217,3
8218,4
8219,3
8220,4
8221,4
8222,3
8223,3
8224,3
8225,2
8226,1
8227,4
8228,3
8229,0
8230,4
8231,3
8232,3
8233,4
8234,2
8235,5
8236,5
8237,2
8238,3
8239,5
8240,4
8241,4
8242,5
8243,4
8244,1
8245,4
8246,4
8247,4
8248,5
8249,2
8250,1
8251,4
8252,3
8253,3
8254,4
8255,4
8256,4
8257,4
8258,0
8259,4
8260,4
8261,0
8262,0
8263,1
8264,3
8265,4
8266,2
8267,0
8268,0
8269,3
8270,3
8271,4
8272,1
8273,5
8274,5
8275,3
8276,1
8277,3
8278,3
8279,5
8280,4
8281,2
8282,3
8283,4
8284,3
8285,2
8286,2
8287,4
8288,4
8289,3
8290,4
8291,4
8292,3
8293,5
8294,3
8295,0
8296,3
8297,4
8298,4
8299,3
8300,0
8301,5
8302,3
8303,4
8304,2
8305,0
8306,2
8307,3
8308,0
8309,2
8310,4
8311,5
8312,4
8313,0
8314,3
8315,3
8316,5
8317,4
8318,4
8319,2
8320,4
8321,3
8322,5
8323,3
8324,4
8325,4
8326,3
8327,4
8328,4
8329,4
8330,4
8331,3
8332,2
8333,4
8334,3
8335,4
8336,1
8337,3
8338,3
8339,4
8340,2
8341,2
8342,1
8343,4
8344,4
8345,1
8346,4
8347,4
8348,3
8349,4
8350,4
8351,3
8352,5
8353,4
8354,3
8355,4
8356,3
8357,4
8358,0
8359,4
8360,3
8361,0
8362,4
8363,2
8364,4
8365,3
8366,4
8367,4
8368,3
8369,4
8370,4
8371,5
8372,5
8373,3
8374,2
8375,0
8376,3
8377,4
8378,4
8379,4
8380,4
8381,3
8382,4
8383,4
8384,3
8385,2
8386,3
8387,3
8388,2
8389,3
8390,4
8391,3
8392,4
8393,3
8394,3
8395,3
8396,4
8397,0
8398,3
8399,4
8400,1
8401,4
8402,2
8403,5
8404,1
8405,3
8406,4
8407,1
8408,4
8409,1
8410,4
8411,3
8412,4
8413,0
8414,3
8415,2
8416,4
8417,4
8418,3
8419,4
8420,3
8421,2
8422,4
8423,0
8424,3
8425,3
8426,5
8427,4
8428,3
8429,3
8430,2
8431,3
8432,4
8433,4
8434,1
8435,4
8436,3
8437,3
8438,5
8439,3
8440,3
8441,4
8442,2
8443,3
8444,5
8445,1
8446,4
8447,3
8448,4
8449,3
8450,4
8451,3
8452,4
8453,4
8454,1
8455,3
8456,4
8457,3
8458,4
8459,2
8460,2
8461,5
8462,1
8463,4
8464,4
8465,4
8466,4
8467,4
8468,3
8469,4
8470,3
8471,4
8472,5
8473,3
8474,3
8475,1
8476,1
8477,3
8478,2
8479,4
8480,4
8481,4
8482,5
8483,4
8484,4
8485,5
8486,3
8487,2
8488,2
8489,3
8490,4
8491,5
8492,3
8493,4
8494,3
8495,3
8496,4
8497,3
8498,4
8499,1
8500,3
8501,3
8502,3
8503,4
8504,3
8505,1
8506,0
8507,5
8508,2
8509,4
8510,4
8511,3
8512,3
8513,2
8514,4
8515,2
8516,2
8517,1
8518,4
8519,5
8520,3
8521,1
8522,5
8523,0
8524,5
8525,4
8526,2
8527,5
8528,4
8529,2
8530,3
8531,4
8532,2
8533,5
8534,4
8535,3
8536,1
8537,3
8538,3
8539,4
8540,5
8541,4
8542,2
8543,3
8544,2
8545,4
8546,3
8547,1
8548,3
8549,3
8550,3
8551,3
8552,3
8553,3
8554,3
8555,3
8556,3
8557,3
8558,5
8559,3
8560,0
8561,1
8562,4
8563,5
8564,1
8565,1
8566,0
8567,4
8568,4
8569,5
8570,2
8571,0
8572,5
8573,2
8574,4
8575,3
8576,4
8577,4
8578,5
8579,4
8580,5
8581,3
8582,4
8583,4
8584,3
8585,2
8586,3
8587,4
8588,3
8589,0
8590,1
8591,3
8592,4
8593,3
8594,0
8595,3
8596,1
8597,1
8598,2
8599,4
8600,5
8601,1
8602,0
8603,2
8604,0
8605,4
8606,5
8607,1
8608,3
8609,1
8610,3
8611,1
8612,5
8613,4
8614,3
8615,5
8616,2
8617,5
8618,1
8619,2
8620,1
8621,3
8622,3
8623,0
8624,1
8625,3
8626,4
8627,4
8628,4
8629,4
8630,2
8631,5
8632,0
8633,4
8634,2
8635,0
8636,3
8637,0
8638,5
8639,1
8640,3
8641,0
8642,2
8643,3
8644,5
8645,3
8646,5
8647,5
8648,2
8649,1
8650,4
8651,0
8652,4
8653,1
8654,4
8655,2
8656,2
8657,2
8658,2
8659,3
8660,3
8661,1
8662,4
8663,4
8664,5
8665,4
8666,4
8667,4
8668,1
8669,4
8670,2
8671,4
8672,3
8673,4
8674,3
8675,5
8676,4
8677,4
8678,3
8679,2
8680,3
8681,4
8682,1
8683,2
8684,2
8685,3
8686,0
8687,3
8688,1
8689,1
8690,4
8691,2
8692,4
8693,2
8694,4
8695,3
8696,3
8697,5
8698,2
8699,4
8700,3
8701,3
8702,5
8703,4
8704,0
8705,4
8706,2
8707,4
8708,3
8709,5
8710,2
8711,2
8712,2
8713,4
8714,5
8715,4
8716,5
8717,4
8718,4
8719,4
8720,3
8721,1
8722,3
8723,3
8724,4
8725,3
8726,2
8727,3
8728,3
8729,1
8730,3
8731,5
8732,1
8733,3
8734,3
8735,4
8736,2
8737,5
8738,3
8739,4
8740,5
8741,4
8742,3
8743,4
8744,3
8745,3
8746,1
8747,3
8748,3
8749,5
8750,4
8751,4
8752,3
8753,2
8754,2
8755,3
8756,5
8757,4
8758,0
8759,3
8760,3
8761,4
8762,4
8763,4
8764,4
8765,4
8766,5
8767,5
8768,5
8769,4
8770,4
8771,0
8772,4
8773,2
8774,3
8775,5
8776,4
8777,5
8778,3
8779,5
8780,5
8781,2
8782,5
8783,5
8784,3
8785,0
8786,4
8787,5
8788,3
8789,3
8790,4
8791,5
8792,1
8793,1
8794,4
8795,4
8796,3
8797,3
8798,1
8799,3
8800,3
8801,5
8802,3
8803,4
8804,3
8805,0
8806,2
8807,3
8808,2
8809,2
8810,3
8811,4
8812,0
8813,0
8814,3
8815,3
8816,4
8817,0
8818,3
8819,3
8820,4
8821,4
8822,1
8823,4
8824,4
8825,4
8826,1
8827,2
8828,3
8829,4
8830,1
8831,3
8832,4
8833,3
8834,2
8835,3
8836,2
8837,4
8838,2
8839,3
8840,2
8841,3
8842,4
8843,0
8844,2
8845,1
8846,1
8847,3
8848,4
8849,3
8850,0
8851,2
8852,4
8853,4
8854,1
8855,2
8856,5
8857,3
8858,0
8859,2
8860,3
8861,3
8862,3
8863,3
8864,3
8865,3
8866,3
8867,4
8868,5
8869,3
8870,0
8871,0
8872,1
8873,0
8874,2
8875,4
8876,2
8877,4
8878,5
8879,2
8880,0
8881,3
8882,3
8883,1
8884,3
8885,1
8886,2
8887,5
8888,4
8889,3
8890,3
8891,4
8892,2
8893,4
8894,3
8895,3
8896,3
8897,3
8898,2
8899,3
8900,2
8901,2
8902,1
8903,3
8904,4
8905,5
8906,3
8907,1
8908,3
8909,4
8910,4
8911,5
8912,3
8913,4
8914,2
8915,5
8916,1
8917,4
8918,4
8919,0
8920,4
8921,3
8922,1
8923,3
8924,0
8925,3
8926,1
8927,3
8928,3
8929,5
8930,3
8931,4
8932,2
8933,3
8934,4
8935,0
8936,4
8937,1
8938,3
8939,3
8940,2
8941,3
8942,5
8943,2
8944,2
8945,2
8946,4
8947,3
8948,0
8949,4
8950,3
8951,4
8952,3
8953,1
8954,3
8955,0
8956,4
8957,5
8958,1
8959,3
8960,3
8961,5
8962,0
8963,3
8964,3
8965,5
8966,5
8967,3
8968,3
8969,5
8970,5
8971,3
8972,1
8973,4
8974,3
8975,3
8976,0
8977,3
8978,4
8979,3
8980,0
8981,3
8982,2
8983,3
8984,3
8985,3
8986,3
8987,2
8988,3
8989,2
8990,3
8991,0
8992,4
8993,1
8994,4
8995,0
8996,4
8997,4
8998,4
8999,3
9000,2
9001,2
9002,3
9003,5
9004,0
9005,4
9006,0
9007,4
9008,4
9009,3
9010,3
9011,3
9012,0
9013,4
9014,0
9015,2
9016,4
9017,1
9018,4
9019,5
9020,5
9021,3
9022,4
9023,4
9024,4
9025,4
9026,1
9027,0
9028,4
9029,3
9030,3
9031,4
9032,4
9033,0
9034,1
9035,2
9036,0
9037,4
9038,3
9039,1
9040,3
9041,2
9042,0
9043,4
9044,3
9045,5
9046,4
9047,4
9048,3
9049,3
9050,3
9051,4
9052,2
9053,1
9054,5
9055,3
9056,4
9057,5
9058,5
9059,4
9060,4
9061,0
9062,4
9063,3
9064,3
9065,3
9066,1
9067,4
9068,4
9069,4
9070,2
9071,3
9072,5
9073,4
9074,2
9075,3
9076,3
9077,3
9078,3
9079,5
9080,4
9081,4
9082,3
9083,3
9084,2
9085,4
9086,4
9087,4
9088,4
9089,3
9090,4
9091,2
9092,3
9093,5
9094,0
9095,3
9096,4
9097,4
9098,4
9099,3
9100,5
9101,4
9102,3
9103,5
9104,2
9105,3
9106,4
9107,0
9108,4
9109,3
9110,3
9111,1
9112,4
9113,3
9114,3
9115,3
9116,4
9117,4
9118,3
9119,3
9120,4
9121,1
9122,4
9123,3
9124,4
9125,3
9126,1
9127,4
9128,4
9129,0
9130,4
9131,3
9132,4
9133,4
9134,0
9135,1
9136,3
9137,5
9138,0
9139,4
9140,5
9141,3
9142,4
9143,0
9144,2
9145,5
9146,3
9147,5
9148,2
9149,3
9150,0
9151,3
9152,4
9153,0
9154,3
9155,0
9156,1
9157,2
9158,3
9159,4
9160,4
9161,1
9162,2
9163,5
9164,2
9165,4
9166,5
9167,4
9168,3
9169,3
9170,5
9171,4
9172,5
9173,4
9174,4
9175,3
9176,4
9177,3
9178,3
9179,4
9180,3
9181,4
9182,3
9183,3
9184,4
9185,1
9186,0
9187,2
9188,3
9189,1
9190,3
9191,4
9192,5
9193,4
9194,2
9195,5
9196,3
9197,4
9198,0
9199,2
9200,3
9201,3
9202,4
9203,2
9204,4
9205,0
9206,5
9207,1
9208,3
9209,1
9210,2
9211,3
9212,4
9213,4
9214,3
9215,3
9216,4
9217,1
9218,2
9219,3
9220,0
9221,5
9222,0
9223,2
9224,3
9225,3
9226,4
9227,4
9228,2
9229,1
9230,2
9231,3
9232,4
9233,4
9234,5
9235,1
9236,2
9237,3
9238,3
9239,3
9240,2
9241,4
9242,5
9243,2
9244,3
9245,1
9246,5
9247,2
9248,4
9249,5
9250,3
9251,3
9252,1
9253,4
9254,3
9255,0
9256,3
9257,4
9258,1
9259,1
9260,2
9261,0
9262,3
9263,1
9264,3
9265,3
9266,2
9267,4
9268,4
9269,5
9270,3
9271,4
9272,3
9273,0
9274,4
9275,4
9276,1
9277,0
9278,4
9279,4
9280,5
9281,3
9282,2
9283,5
9284,4
9285,4
9286,5
9287,2
9288,4
9289,4
9290,3
9291,3
9292,3
9293,3
9294,3
9295,3
9296,3
9297,3
9298,3
9299,1
9300,3
9301,2
9302,3
9303,3
9304,4
9305,3
9306,0
9307,4
9308,2
9309,3
9310,4
9311,4
9312,3
9313,5
9314,4
9315,3
9316,4
9317,2
9318,3
9319,1
9320,1
9321,4
9322,2
9323,4
9324,2
9325,3
9326,5
9327,0
9328,4
9329,2
9330,0
9331,2
9332,3
9333,2
9334,3
9335,5
9336,2
9337,4
9338,4
9339,4
9340,0
9341,3
9342,2
9343,2
9344,4
9345,3
9346,5
9347,4
9348,1
9349,3
9350,4
9351,5
9352,2
9353,2
9354,3
9355,4
9356,4
9357,5
9358,4
9359,1
9360,4
9361,4
9362,0
9363,4
9364,5
9365,0
9366,4
9367,0
9368,4
9369,3
9370,3
9371,4
9372,3
9373,3
9374,3
9375,4
9376,2
9377,5
9378,2
9379,0
9380,3
9381,4
9382,4
9383,4
9384,2
9385,3
9386,4
9387,0
9388,5
9389,4
9390,4
9391,2
9392,3
9393,0
9394,4
9395,4
9396,2
9397,5
9398,4
9399,0
9400,3
9401,4
9402,4
9403,3
9404,3
9405,3
9406,0
9407,3
9408,3
9409,3
9410,4
9411,3
9412,3
9413,5
9414,2
9415,1
9416,1
9417,3
9418,5
9419,4
9420,4
9421,1
9422,2
9423,3
9424,3
9425,5
9426,4
9427,3
9428,1
9429,4
9430,5
9431,4
9432,4
9433,4
9434,3
9435,2
9436,1
9437,4
9438,4
9439,4
9440,3
9441,3
9442,3
9443,2
9444,4
9445,3
9446,4
9447,1
9448,5
9449,3
9450,1
9451,4
9452,5
9453,3
9454,4
9455,5
9456,5
9457,4
9458,4
9459,2
9460,0
9461,4
9462,4
9463,3
9464,2
9465,2
9466,0
9467,5
9468,2
9469,4
9470,3
9471,5
9472,5
9473,5
9474,3
9475,3
9476,2
9477,4
9478,3
9479,4
9480,3
9481,3
9482,0
9483,0
9484,2
9485,4
9486,2
9487,3
9488,3
9489,5
9490,2
9491,5
9492,4
9493,2
9494,4
9495,3
9496,5
9497,4
9498,0
9499,3
9500,4
9501,3
9502,4
9503,5
9504,4
9505,4
9506,4
9507,4
9508,4
9509,2
9510,4
9511,2
9512,3
9513,1
9514,2
9515,3
9516,4
9517,1
9518,4
9519,4
9520,5
9521,2
9522,4
9523,3
9524,4
9525,2
9526,3
9527,4
9528,4
9529,3
9530,3
9531,4
9532,3
9533,4
9534,4
9535,4
9536,1
9537,4
9538,4
9539,1
9540,5
9541,2
9542,1
9543,2
9544,2
9545,4
9546,5
9547,2
9548,3
9549,2
9550,4
9551,4
9552,0
9553,1
9554,5
9555,1
9556,5
9557,5
9558,3
9559,0
9560,5
9561,2
9562,1
9563,4
9564,0
9565,3
9566,4
9567,4
9568,3
9569,1
9570,1
9571,3
9572,5
9573,3
9574,3
9575,4
9576,3
9577,3
9578,2
9579,4
9580,3
9581,4
9582,0
9583,4
9584,2
9585,0
9586,3
9587,4
9588,4
9589,4
9590,3
9591,4
9592,2
9593,5
9594,4
9595,3
9596,5
9597,3
9598,4
9599,2
9600,0
9601,3
9602,0
9603,5
9604,0
9605,3
9606,3
9607,4
9608,3
9609,4
9610,3
9611,3
9612,1
9613,5
9614,1
9615,1
9616,4
9617,3
9618,2
9619,0
9620,5
9621,1
9622,4
9623,4
9624,4
9625,3
9626,0
9627,5
9628,4
9629,4
9630,4
9631,4
9632,3
9633,3
9634,4
9635,1
9636,4
9637,4
9638,4
9639,3
9640,0
9641,4
9642,5
9643,1
9644,5
9645,4
9646,3
9647,4
9648,4
9649,2
9650,2
9651,3
9652,5
9653,4
9654,3
9655,4
9656,2
9657,2
9658,3
9659,4
9660,3
9661,3
9662,2
9663,4
9664,2
9665,4
9666,4
9667,4
9668,3
9669,4
9670,4
9671,4
9672,3
9673,4
9674,4
9675,0
9676,2
9677,2
9678,3
9679,3
9680,4
9681,4
9682,4
9683,3
9684,2
9685,4
9686,3
9687,4
9688,0
9689,4
9690,4
9691,5
9692,3
9693,2
9694,4
9695,3
9696,1
9697,4
9698,2
9699,4
9700,5
9701,5
9702,2
9703,4
9704,3
9705,2
9706,4
9707,1
9708,2
9709,4
9710,0
9711,5
9712,1
9713,4
9714,3
9715,3
9716,4
9717,5
9718,2
9719,4
9720,3
9721,2
9722,0
9723,0
9724,4
9725,5
9726,4
9727,4
9728,5
9729,4
9730,5
9731,4
9732,4
9733,3
9734,3
9735,3
9736,3
9737,4
9738,3
9739,5
9740,4
9741,4
9742,2
9743,4
9744,4
9745,3
9746,0
9747,5
9748,4
9749,2
9750,5
9751,4
9752,4
9753,3
9754,4
9755,4
9756,3
9757,4
9758,3
9759,3
9760,2
9761,3
9762,4
9763,5
9764,3
9765,3
9766,3
9767,4
9768,5
9769,0
9770,0
9771,2
9772,3
9773,0
9774,1
9775,0
9776,4
9777,4
9778,3
9779,1
9780,4
9781,4
9782,4
9783,2
9784,2
9785,5
9786,5
9787,2
9788,3
9789,2
9790,3
9791,3
9792,4
9793,4
9794,4
9795,4
9796,4
9797,3
9798,4
9799,4
9800,4
9801,2
9802,3
9803,3
9804,1
9805,4
9806,3
9807,4
9808,3
9809,3
9810,4
9811,3
9812,5
9813,3
9814,0
9815,4
9816,0
9817,4
9818,3
9819,3
9820,3
9821,4
9822,4
9823,3
9824,5
9825,4
9826,4
9827,4
9828,2
9829,1
9830,5
9831,4
9832,4
9833,0
9834,0
9835,3
9836,0
9837,4
9838,1
9839,2
9840,5
9841,3
9842,3
9843,5
9844,2
9845,2
9846,5
9847,4
9848,3
9849,3
9850,5
9851,4
9852,5
9853,2
9854,3
9855,4
9856,4
9857,4
9858,5
9859,4
9860,4
9861,2
9862,0
9863,1
9864,4
9865,3
9866,4
9867,3
9868,4
9869,0
9870,4
9871,4
9872,5
9873,3
9874,3
9875,2
9876,3
9877,5
9878,4
9879,0
9880,3
9881,4
9882,1
9883,3
9884,4
9885,4
9886,4
9887,4
9888,2
9889,3
9890,3
9891,0
9892,3
9893,3
9894,3
9895,4
9896,1
9897,4
9898,1
9899,3
9900,3
9901,4
9902,1
9903,3
9904,5
9905,4
9906,4
9907,3
9908,5
9909,2
9910,3
9911,1
9912,2
9913,1
9914,0
9915,5
9916,4
9917,4
9918,3
9919,2
9920,3
9921,4
9922,3
9923,4
9924,4
9925,2
9926,3
9927,4
9928,3
9929,3
9930,4
9931,2
9932,4
9933,3
9934,3
9935,0
9936,2
9937,2
9938,4
9939,4
9940,3
9941,4
9942,4
9943,4
9944,2
9945,1
9946,2
9947,1
9948,3
9949,1
9950,4
9951,4
9952,4
9953,5
9954,3
9955,2
9956,3
9957,2
9958,5
9959,0
9960,4
9961,4
9962,5
9963,5
9964,3
9965,4
9966,5
9967,3
9968,5
9969,4
9970,3
9971,5
9972,0
9973,4
9974,4
9975,4
9976,3
9977,4
9978,4
9979,4
9980,3
9981,4
9982,3
9983,1
9984,5
9985,4
9986,3
9987,3
9988,4
9989,5
9990,0
9991,5
9992,3
9993,5
9994,3
9995,3
9996,5
9997,1
9998,2
9999,4
10000,5
10001,3
10002,0
10003,3
10004,3
10005,4
10006,0
10007,3
10008,3
10009,2
10010,3
10011,3
10012,3
10013,5
10014,4
10015,4
10016,5
10017,0
10018,4
10019,2
10020,4
10021,3
10022,4
10023,4
10024,4
10025,4
10026,2
10027,2
10028,3
10029,1
10030,4
10031,4
10032,2
10033,5
10034,3
10035,2
10036,4
10037,3
10038,0
10039,0
10040,4
10041,3
10042,3
10043,3
10044,5
10045,2
10046,4
10047,0
10048,4
10049,4
10050,3
10051,3
10052,4
10053,5
10054,2
10055,0
10056,3
10057,5
10058,4
10059,0
10060,3
10061,2
10062,4
10063,4
10064,3
10065,4
10066,5
10067,0
10068,3
10069,5
10070,1
10071,1
10072,2
10073,0
10074,3
10075,3
10076,4
10077,2
10078,0
10079,4
10080,4
10081,3
10082,0
10083,4
10084,3
10085,3
10086,3
10087,4
10088,3
10089,4
10090,3
10091,1
10092,3
10093,1
10094,3
10095,3
10096,3
10097,4
10098,0
10099,1
10100,3
10101,5
10102,2
10103,2
10104,3
10105,1
10106,4
10107,0
10108,3
10109,5
10110,3
10111,4
10112,4
10113,1
10114,3
10115,3
10116,5
10117,4
10118,4
10119,4
10120,2
10121,4
10122,3
10123,1
10124,4
10125,4
10126,1
10127,0
10128,4
10129,5
10130,4
10131,3
10132,3
10133,3
10134,4
10135,4
10136,2
10137,3
10138,3
10139,1
10140,2
10141,1
10142,1
10143,3
10144,1
10145,4
10146,5
10147,4
10148,3
10149,4
10150,3
10151,1
10152,5
10153,4
10154,3
10155,4
10156,2
10157,3
10158,3
10159,2
10160,1
10161,1
10162,4
10163,3
10164,5
10165,4
10166,3
10167,2
10168,4
10169,2
10170,4
10171,2
10172,1
10173,1
10174,0
10175,4
10176,3
10177,5
10178,2
10179,4
10180,2
10181,0
10182,1
10183,4
10184,2
10185,4
10186,4
10187,4
10188,4
10189,0
10190,2
10191,5
10192,0
10193,5
10194,0
10195,4
10196,1
10197,3
10198,4
10199,4
10200,5
10201,2
10202,5
10203,4
10204,4
10205,3
10206,3
10207,4
10208,3
10209,4
10210,3
10211,2
10212,5
10213,4
10214,2
10215,2
10216,2
10217,2
10218,4
10219,3
10220,0
10221,2
10222,3
10223,4
10224,2
10225,4
10226,4
10227,3
10228,4
10229,0
10230,1
10231,3
10232,0
10233,3
10234,0
10235,0
10236,4
10237,1
10238,4
10239,3
10240,4
10241,3
10242,3
10243,4
10244,4
10245,5
10246,3
10247,3
10248,3
10249,2
10250,2
10251,3
10252,3
10253,1
10254,3
10255,4
10256,4
10257,3
10258,1
10259,3
10260,3
10261,0
10262,5
10263,4
10264,4
10265,3
10266,1
10267,3
10268,2
10269,5
10270,1
10271,4
10272,5
10273,3
10274,5
10275,1
10276,4
10277,4
10278,5
10279,4
10280,4
10281,1
10282,3
10283,4
10284,3
10285,5
10286,5
10287,2
10288,4
10289,3
10290,3
10291,4
10292,4
10293,1
10294,5
10295,4
10296,1
10297,3
10298,3
10299,3
10300,4
10301,4
10302,3
10303,0
10304,0
10305,3
10306,4
10307,0
10308,0
10309,5
10310,0
10311,5
10312,1
10313,4
10314,3
10315,5
10316,5
10317,4
10318,3
10319,3
10320,3
10321,3
10322,2
10323,3
10324,3
10325,0
10326,5
10327,4
10328,1
10329,3
10330,3
10331,1
10332,2
10333,4
10334,5
10335,4
10336,5
10337,3
10338,1
10339,4
10340,4
10341,0
10342,3
10343,1
10344,3
10345,3
10346,5
10347,4
10348,4
10349,3
10350,2
10351,2
10352,4
10353,3
10354,2
10355,5
10356,4
10357,3
10358,4
10359,1
10360,3
10361,4
10362,5
10363,5
10364,3
10365,1
10366,4
10367,3
10368,3
10369,5
10370,3
10371,2
10372,3
10373,1
10374,4
10375,4
10376,4
10377,3
10378,3
10379,2
10380,1
10381,4
10382,3
10383,1
10384,5
10385,3
10386,4
10387,2
10388,2
10389,5
10390,4
10391,4
10392,4
10393,1
10394,3
10395,4
10396,0
10397,2
10398,4
10399,2
10400,0
10401,3
10402,0
10403,4
10404,3
10405,1
10406,2
10407,0
10408,4
10409,3
10410,3
10411,0
10412,4
10413,2
10414,2
10415,1
10416,2
10417,4
10418,3
10419,3
10420,1
10421,3
10422,1
10423,1
10424,2
10425,2
10426,2
10427,2
10428,5
10429,0
10430,5
10431,3
10432,4
10433,4
10434,1
10435,3
10436,2
10437,5
10438,2
10439,3
10440,3
10441,1
10442,3
10443,2
10444,3
10445,3
10446,3
10447,4
10448,5
10449,5
10450,4
10451,3
10452,4
10453,3
10454,5
10455,4
10456,4
10457,0
10458,4
10459,3
10460,5
10461,3
10462,4
10463,3
10464,4
10465,2
10466,2
10467,4
10468,0
10469,3
10470,4
10471,4
10472,5
10473,4
10474,2
10475,4
10476,5
10477,2
10478,2
10479,5
10480,1
10481,0
10482,2
10483,1
10484,4
10485,3
10486,3
10487,4
10488,4
10489,2
10490,4
10491,4
10492,4
10493,3
10494,0
10495,4
10496,4
10497,3
10498,4
10499,3
10500,5
10501,2
10502,4
10503,3
10504,0
10505,4
10506,5
10507,2
10508,3
10509,3
10510,4
10511,3
10512,2
10513,2
10514,3
10515,0
10516,0
10517,4
10518,3
10519,5
10520,3
10521,4
10522,4
10523,2
10524,3
10525,3
10526,3
10527,4
10528,4
10529,3
10530,0
10531,0
10532,3
10533,2
10534,4
10535,3
10536,1
10537,4
10538,0
10539,1
10540,4
10541,4
10542,4
10543,3
10544,2
10545,1
10546,5
10547,1
10548,4
10549,3
10550,4
10551,4
10552,4
10553,4
10554,3
10555,5
10556,0
10557,0
10558,4
10559,4
10560,3
10561,4
10562,4
10563,4
10564,5
10565,0
10566,5
10567,2
10568,5
10569,4
10570,4
10571,3
10572,3
10573,2
10574,5
10575,3
10576,5
10577,3
10578,2
10579,3
10580,2
10581,2
10582,4
10583,0
10584,4
10585,4
10586,1
10587,3
10588,4
10589,4
10590,2
10591,0
10592,4
10593,5
10594,3
10595,3
10596,3
10597,2
10598,5
10599,0
10600,4
10601,4
10602,2
10603,1
10604,2
10605,3
10606,0
10607,0
10608,1
10609,5
10610,4
10611,4
10612,4
10613,4
10614,1
10615,3
10616,4
10617,3
10618,3
10619,1
10620,4
10621,3
10622,2
10623,3
10624,4
10625,5
10626,0
10627,4
10628,2
10629,4
10630,3
10631,3
10632,2
10633,3
10634,3
10635,4
10636,4
10637,1
10638,4
10639,3
10640,1
10641,2
10642,4
10643,4
10644,0
10645,3
10646,5
10647,4
10648,3
10649,3
10650,5
10651,2
10652,3
10653,4
10654,4
10655,4
10656,3
10657,1
10658,3
10659,1
10660,4
10661,3
10662,1
10663,2
10664,4
10665,5
10666,3
10667,1
10668,3
10669,2
10670,5
10671,1
10672,0
10673,4
10674,4
10675,3
10676,3
10677,3
10678,2
10679,4
10680,3
10681,4
10682,3
10683,4
10684,3
10685,5
10686,4
10687,4
10688,3
10689,4
10690,2
10691,4
10692,1
10693,4
10694,0
10695,3
10696,2
10697,5
10698,5
10699,1
10700,4
10701,3
10702,4
10703,0
10704,3
10705,1
10706,3
10707,2
10708,0
10709,4
10710,4
10711,5
10712,0
10713,4
10714,4
10715,5
10716,2
10717,0
10718,3
10719,4
10720,4
10721,3
10722,4
10723,3
10724,5
10725,2
10726,5
10727,4
10728,3
10729,3
10730,4
10731,3
10732,4
10733,1
10734,3
10735,1
10736,3
10737,0
10738,3
10739,5
10740,3
10741,3
10742,3
10743,4
10744,3
10745,1
10746,3
10747,1
10748,4
10749,0
10750,4
10751,0
10752,4
10753,3
10754,5
10755,4
10756,2
10757,3
10758,4
10759,1
10760,0
10761,5
10762,4
10763,4
10764,3
10765,3
10766,2
10767,2
10768,2
10769,5
10770,3
10771,4
10772,4
10773,3
10774,0
10775,4
10776,4
10777,3
10778,2
10779,3
10780,2
10781,0
10782,4
10783,2
10784,5
10785,3
10786,3
10787,4
10788,3
10789,2
10790,4
10791,3
10792,4
10793,5
10794,4
10795,4
10796,2
10797,1
10798,0
10799,5
10800,3
10801,4
10802,4
10803,4
10804,5
10805,5
10806,5
10807,3
10808,5
10809,4
10810,5
10811,1
10812,5
10813,4
10814,3
10815,2
10816,4
10817,3
10818,5
10819,4
10820,3
10821,4
10822,3
10823,1
10824,4
10825,3
10826,5
10827,4
10828,4
10829,3
10830,5
10831,4
10832,3
10833,4
10834,4
10835,4
10836,0
10837,3
10838,3
10839,3
10840,4
10841,4
10842,4
10843,3
10844,4
10845,0
10846,4
10847,3
10848,3
10849,3
10850,4
10851,1
10852,3
10853,1
10854,4
10855,2
10856,3
10857,1
10858,4
10859,1
10860,3
10861,3
10862,4
10863,2
10864,0
10865,3
10866,3
10867,2
10868,4
10869,3
10870,3
10871,1
10872,2
10873,2
10874,3
10875,3
10876,5
10877,2
10878,5
10879,4
10880,4
10881,4
10882,3
10883,3
10884,3
10885,5
10886,1
10887,3
10888,1
10889,4
10890,4
10891,4
10892,0
10893,3
10894,3
10895,4
10896,3
10897,3
10898,4
10899,4
10900,4
10901,0
10902,5
10903,4
10904,5
10905,4
10906,3
10907,3
10908,4
10909,5
10910,4
10911,4
10912,0
10913,4
10914,3
10915,4
10916,3
10917,4
10918,2
10919,4
10920,3
10921,0
10922,1
10923,4
10924,5
10925,2
10926,4
10927,4
10928,3
10929,3
10930,4
10931,4
10932,2
10933,4
10934,3
10935,4
10936,3
10937,4
10938,1
10939,0
10940,4
10941,4
10942,5
10943,4
10944,4
10945,5
10946,4
10947,3
10948,4
10949,5
10950,2
10951,5
10952,3
10953,4
10954,3
10955,3
10956,1
10957,3
10958,3
10959,4
10960,1
10961,4
10962,4
10963,3
10964,4
10965,4
10966,4
10967,3
10968,3
10969,2
10970,4
10971,2
10972,1
10973,4
10974,3
10975,3
10976,5
10977,4
10978,3
10979,2
10980,2
10981,5
10982,1
10983,0
10984,5
10985,4
10986,5
10987,2
10988,4
10989,0
10990,3
10991,3
10992,5
10993,5
10994,4
10995,2
10996,2
10997,5
10998,4
10999,0
11000,1
11001,3
11002,3
11003,5
11004,4
11005,1
11006,2
11007,2
11008,5
11009,3
11010,4
11011,4
11012,3
11013,5
11014,4
11015,0
11016,5
11017,3
11018,3
11019,4
11020,1
11021,3
11022,3
11023,4
11024,4
11025,5
11026,2
11027,4
11028,5
11029,4
11030,3
11031,4
11032,4
11033,3
11034,5
11035,4
11036,3
11037,3
11038,3
11039,3
11040,4
11041,5
11042,3
11043,4
11044,1
11045,3
11046,3
11047,2
11048,1
11049,4
11050,4
11051,3
11052,4
11053,1
11054,5
11055,4
11056,2
11057,3
11058,4
11059,4
11060,4
11061,4
11062,0
11063,3
11064,0
11065,5
11066,3
11067,2
11068,4
11069,3
11070,5
11071,4
11072,5
11073,4
11074,3
11075,0
11076,5
11077,3
11078,3
11079,5
11080,1
11081,0
11082,3
11083,0
11084,4
11085,4
11086,1
11087,4
11088,0
11089,4
11090,3
11091,1
11092,1
11093,5
11094,4
11095,3
11096,4
11097,1
11098,3
11099,0
11100,3
11101,4
11102,4
11103,4
11104,1
11105,3
11106,4
11107,4
11108,4
11109,3
11110,4
11111,0
11112,2
11113,1
11114,3
11115,3
11116,3
11117,3
11118,4
11119,5
11120,0
11121,1
11122,0
11123,1
11124,2
11125,2
11126,5
11127,5
11128,2
11129,1
11130,1
11131,3
11132,5
11133,0
11134,4
11135,4
11136,4
11137,3
11138,4
11139,5
11140,3
11141,4
11142,2
11143,1
11144,2
11145,4
11146,3
11147,4
11148,4
11149,4
11150,4
11151,5
11152,4
11153,4
11154,3
11155,2
11156,2
11157,4
11158,0
11159,2
11160,1
11161,3
11162,2
11163,0
11164,4
11165,0
11166,3
11167,5
11168,3
11169,4
11170,3
11171,2
11172,5
11173,5
11174,4
11175,5
11176,4
11177,1
11178,4
11179,5
11180,1
11181,4
11182,4
11183,1
11184,4
11185,4
11186,3
11187,4
11188,4
11189,3
11190,4
11191,4
11192,5
11193,5
11194,1
11195,0
11196,4
11197,2
11198,4
11199,5
11200,4
11201,3
11202,3
11203,5
11204,4
11205,2
11206,1
11207,4
11208,3
11209,3
11210,4
11211,5
11212,3
11213,2
11214,5
11215,0
11216,4
11217,3
11218,4
11219,4
11220,3
11221,4
11222,0
11223,5
11224,0
11225,4
11226,4
11227,0
11228,0
11229,5
11230,3
11231,0
11232,3
11233,4
11234,4
11235,5
11236,0
11237,4
11238,4
11239,3
11240,3
11241,4
11242,3
11243,2
11244,5
11245,4
11246,4
11247,0
11248,5
11249,4
11250,1
11251,4
11252,0
11253,3
11254,2
11255,3
11256,4
11257,3
11258,0
11259,3
11260,3
11261,5
11262,2
11263,4
11264,3
11265,4
11266,3
11267,1
11268,4
11269,4
11270,4
11271,5
11272,5
11273,5
11274,5
11275,5
11276,2
11277,5
11278,4
11279,2
11280,3
11281,3
11282,4
11283,3
11284,3
11285,4
11286,2
11287,3
11288,3
11289,4
11290,3
11291,4
11292,5
11293,3
11294,5
11295,2
11296,4
11297,5
11298,2
11299,4
11300,3
11301,4
11302,2
11303,4
11304,4
11305,5
11306,0
11307,0
11308,3
11309,4
11310,4
11311,3
11312,4
11313,3
11314,4
11315,5
11316,3
11317,4
11318,3
11319,4
11320,1
11321,2
11322,1
11323,2
11324,4
11325,4
11326,1
11327,4
11328,3
11329,3
11330,2
11331,3
11332,3
11333,4
11334,3
11335,3
11336,1
11337,3
11338,3
11339,3
11340,5
11341,4
11342,5
11343,1
11344,3
11345,5
11346,3
11347,0
11348,0
11349,3
11350,4
11351,2
11352,0
11353,5
11354,1
11355,4
11356,5
11357,4
11358,0
11359,2
11360,4
11361,1
11362,2
11363,1
11364,0
11365,4
11366,3
11367,3
11368,1
11369,3
11370,4
11371,1
11372,3
11373,3
11374,0
11375,3
11376,4
11377,2
11378,3
11379,1
11380,4
11381,5
11382,0
11383,4
11384,4
11385,0
11386,5
11387,3
11388,0
11389,1
11390,0
11391,1
11392,3
11393,4
11394,4
11395,4
11396,4
11397,3
11398,1
11399,3
11400,5
11401,4
11402,4
11403,5
11404,2
11405,3
11406,2
11407,5
11408,3
11409,3
11410,2
11411,3
11412,5
11413,4
11414,4
11415,3
11416,4
11417,3
11418,4
11419,3
11420,3
11421,0
11422,4
11423,3
11424,4
11425,3
11426,4
11427,4
11428,4
11429,3
11430,0
11431,4
11432,5
11433,1
11434,2
11435,1
11436,3
11437,0
11438,3
11439,1
11440,2
11441,1
11442,1
11443,3
11444,0
11445,0
11446,3
11447,4
11448,4
11449,1
11450,2
11451,2
11452,3
11453,0
11454,0
11455,2
11456,4
11457,0
11458,5
11459,3
11460,3
11461,5
11462,4
11463,5
11464,1
11465,2
11466,4
11467,2
11468,3
11469,4
11470,4
11471,3
11472,4
11473,4
11474,3
11475,3
11476,0
11477,0
11478,3
11479,3
11480,4
11481,3
11482,4
11483,5
11484,5
11485,5
11486,4
11487,4
11488,0
11489,3
11490,4
11491,2
11492,0
11493,4
11494,2
11495,2
11496,4
11497,4
11498,1
11499,3
11500,3
11501,5
11502,5
11503,0
11504,3
11505,4
11506,4
11507,4
11508,3
11509,3
11510,4
11511,3
11512,5
11513,3
11514,2
11515,3
11516,4
11517,1
11518,3
11519,5
11520,4
11521,1
11522,3
11523,4
11524,5
11525,3
11526,3
11527,4
11528,1
11529,3
11530,4
11531,3
11532,1
11533,2
11534,4
11535,3
11536,4
11537,3
11538,2
11539,4
11540,0
11541,1
11542,2
11543,5
11544,4
11545,3
11546,2
11547,2
11548,4
11549,3
11550,5
11551,5
11552,4
11553,4
11554,3
11555,0
11556,5
11557,4
11558,5
11559,2
11560,5
11561,3
11562,0
11563,1
11564,3
11565,2
11566,4
11567,4
11568,5
11569,3
11570,4
11571,3
11572,2
11573,3
11574,4
11575,4
11576,3
11577,5
11578,1
11579,4
11580,3
11581,4
11582,4
11583,4
11584,4
11585,2
11586,4
11587,5
11588,3
11589,4
11590,1
11591,3
11592,1
11593,3
11594,4
11595,2
11596,3
11597,4
11598,4
11599,3
11600,0
11601,3
11602,5
11603,5
11604,3
11605,3
11606,4
11607,2
11608,5
11609,5
11610,4
11611,3
11612,4
11613,3
11614,4
11615,4
11616,2
11617,4
11618,2
11619,4
11620,3
11621,1
11622,2
11623,4
11624,3
11625,4
11626,2
11627,3
11628,5
11629,2
11630,3
11631,4
11632,0
11633,0
11634,4
11635,5
11636,4
11637,4
11638,4
11639,0
